code_com,adult_entertainment,amateur_sports_team,church_cathedral,mosque,religious_organization,school
33003,0.0,0.0,0.12426991425375916,0.0,0.0,0.18640487138063874
33004,0.0,0.0,0.0,0.0,0.0,0.6363347120585428
33012,0.0,0.0,0.0,0.0,0.0,0.0
33013,0.0,0.0,0.11576753878212549,0.0,0.11576753878212549,0.0
33032,0.0,0.13984058173682004,0.0,0.0,0.0,0.13984058173682004
33035,0.0,0.0,0.0,0.0,0.0,0.0
33039,0.0,0.036084148233680946,0.0,0.036084148233680946,0.0,0.1804207411684047
33056,0.0,0.0,0.0,0.0,0.0,0.3202049311559398
33063,0.007935248373274084,0.019838120933185207,0.13886684653229645,0.007935248373274084,0.07538485954610379,0.36898904935724486
33065,0.0,0.0,0.0,0.0,0.0,0.0
33067,0.0,0.0,0.0,0.0,0.0,0.0
33069,0.0,0.12568603628136915,0.0,0.0,0.0,0.29326741798986133
33075,0.0,0.1108831845650607,0.16632477684759106,0.0,0.05544159228253035,0.2217663691301214
33080,0.0,0.0,0.0,0.0,0.0,0.0
33085,0.0,0.0,0.0,0.0,0.0,0.0
33090,0.0,0.0,0.0,0.0,0.0,0.0
33096,0.0,0.0,0.0,0.0,0.0,0.1232741617357002
33099,0.0,0.0,0.0,0.0,0.0,0.0
33119,0.0,0.04103574213139644,0.08207148426279288,0.04103574213139644,0.04103574213139644,0.32828593705117154
33122,0.0,0.0,0.0,0.0,0.0,0.0
33143,0.0,0.0,0.0,0.0,0.0,0.0
33162,0.08650519031141868,0.04325259515570934,0.04325259515570934,0.0,0.12975778546712805,0.08650519031141868
33167,0.0,0.0,0.05820044232336166,0.0,0.0,0.2910022116168083
33192,0.0,0.039119039236396355,0.039119039236396355,0.0,0.0,0.2347142354183781
33200,0.0,0.09186110600771634,0.09186110600771634,0.0,0.0,0.09186110600771634
33234,0.0,0.0,0.0,0.0,0.0,0.0
33238,0.0,0.0,0.0,0.0,0.09725734292939116,0.0
33249,0.0,0.0430163031789048,0.1290489095367144,0.0,0.21508151589452404,0.0860326063578096
33256,0.0,0.0,0.0,0.0,0.0,0.0
33262,0.0,0.0,0.0,0.0,0.0,0.0
33273,0.0,0.0,0.13694878115584772,0.0,0.0,0.0
33281,0.0,0.05688524823300198,0.02844262411650099,0.014221312058250495,0.042663936174751484,0.2133196808737574
33312,0.0,0.23651844843897823,0.11825922421948912,0.0,0.0,0.23651844843897823
33318,0.0,0.032331592815920074,0.016165796407960037,0.016165796407960037,0.06466318563184015,0.2909843353432807
33322,0.0,0.0,0.0,0.0,0.0,0.0
33339,0.0,0.0,0.0,0.0,0.0,0.0
33366,0.0,0.0,0.0,0.0,0.0,0.0
33376,0.0,0.13991884706870014,0.13991884706870014,0.0,0.0,0.0
33397,0.0,0.0,0.0,0.0,0.0,0.0
33415,0.0,0.0,0.0,0.0,0.0,0.0
33422,0.0,0.0,0.0,0.0,0.0,0.0
33433,0.0,0.0,0.0,0.0,0.0,0.0
33434,0.0,0.0,0.0,0.0,0.0,0.4633920296570899
33449,0.0,0.0,0.03230391523452642,0.0,0.03230391523452642,0.2584313218762114
33487,0.0,0.0,0.0,0.0,0.0,0.0
33494,0.0,0.0,0.0,0.0,0.0,0.0
33519,0.0,0.0,0.0,0.0,0.0,0.19837333862328904
33522,0.0,0.07023787226072299,0.09365049634763063,0.0,0.046825248173815316,0.14047574452144598
33535,0.0,0.0,0.0,0.0,0.0,0.0
33550,0.0,0.061068702290076333,0.030534351145038167,0.030534351145038167,0.0,0.21374045801526717
33554,0.0,0.0,0.0,0.0,0.0,0.0
63014,0.0,0.09818360333824251,0.09818360333824251,0.19636720667648502,0.0,0.39273441335297005
63019,0.0,0.24832381425378697,0.0,0.0,0.0,0.0
63026,0.0,0.0,0.0,0.0,0.0,0.0
63032,0.0,0.09110787172011661,0.0,0.0,0.0,0.27332361516034986
63034,0.0,0.0,0.0,0.0,0.0,0.0
63042,0.0,0.2677376171352075,0.0,0.0,0.0,0.0
63063,0.0,0.0,0.0,0.0,0.0,0.12084592145015105
63069,0.0,0.0,0.0,0.0,0.0,0.0
63070,0.0,0.0,0.0,0.0,0.0,0.0
63071,0.0,0.0,0.0,0.0,0.0,0.0
63075,0.0,0.057863673185973845,0.17359101955792153,0.0,0.057863673185973845,0.057863673185973845
63083,0.0,0.0,0.0,0.0,0.0,0.0
63084,0.0,0.0,0.0,0.0,0.0,0.0
63099,0.0,0.0,0.0,0.0,0.0,0.0
63113,0.0,0.04905877240934639,0.1471763172280392,0.035041980292390286,0.06307556452630252,0.2593106541636881
63124,0.0,0.09937394415184339,0.0,0.0,0.049686972075921695,0.19874788830368678
63141,0.0,0.0,0.0,0.0,0.0,0.0
63164,0.0,0.09493070058857034,0.0,0.0,0.0,0.284792101765711
63193,0.0,0.0,0.0,0.0,0.0,0.12039489525644112
63200,0.0,0.0,0.0,0.0,0.0,0.0
63203,0.0,0.0,0.0,0.0,0.0,0.0
63204,0.0,0.0,0.0,0.0,0.0,0.0
63212,0.0,0.0,0.0,0.0,0.0,0.0
63213,0.0,0.0,0.0,0.0,0.0,0.0
63214,0.0,0.0,0.0,0.0,0.0,0.0
63224,0.0,0.0,0.0,0.0,0.0,0.0
63226,0.0,0.0,0.0,0.0,0.0,0.0
63248,0.0,0.0,0.0,0.0,0.0,0.0
63254,0.0,0.0,0.0,0.0,0.0,0.0
63262,0.0,0.0,0.0,0.0,0.0,0.0
63263,0.0,0.29726516052318663,0.0,0.0,0.0,0.0
63272,0.0,0.37383177570093457,0.0,0.0,0.0,0.0
63273,0.0,0.0,0.0,0.0,0.0,0.0
63284,0.0,0.0,0.08935751943526048,0.0,0.0,0.08935751943526048
63302,0.0,0.0,0.0,0.0,0.0,0.0
63306,0.0,0.0,0.0,0.0,0.0,0.0
63307,0.0,0.13099292638197538,0.0,0.0,0.0,0.13099292638197538
63308,0.0,0.0,0.20842017507294708,0.0,0.20842017507294708,0.0
63322,0.0,0.0,0.0,0.0,0.0,0.0
63345,0.0,0.0,0.0,0.0,0.0,0.0
63381,0.0,0.0,0.0,0.0,0.0,0.0
63396,0.0,0.0,0.0,0.0,0.0,0.0
63417,0.0,0.0,0.0,0.0,0.0,0.0
21003,0.0,0.0,0.0,0.0,0.0,0.0
21021,0.0,0.0,0.0,0.0,0.0,0.0
21027,0.0,0.0,0.0,0.0,0.0,0.0
21059,0.0,0.0,0.0,0.0,0.0,0.0
21105,0.0,0.0,0.0,0.0,0.0,0.0
21106,0.0,0.0,0.0,0.0,0.0,0.0
21126,0.0,0.0,0.0,0.0,0.0,0.0
21166,0.0,0.07245326764237067,0.14490653528474134,0.07245326764237067,0.14490653528474134,0.14490653528474134
21171,0.0,0.0,0.0,0.0,0.0,0.17397355601948505
21178,0.0,0.0,0.0,0.0,0.0,0.0
21192,0.0,0.0,0.0,0.0,0.0,0.0
21200,0.0,0.0,0.0,0.0,0.0,0.0
21209,0.0,0.0,0.0,0.0,0.0,0.0
21213,0.0,0.0,0.0,0.0,0.0,0.0
21223,0.0,0.0,0.6949270326615705,0.0,0.0,0.0
21227,0.0,0.0,0.0,0.0,0.0,0.0
21231,0.012895737958604681,0.025791475917209362,0.14830098652395385,0.019343606937907022,0.1289573795860468,0.2514668901927913
21255,0.0,0.0,0.0,0.0,0.0,0.0
21261,0.0,0.0,0.0,0.0,0.0,0.0
21263,0.0,0.6277463904582549,0.6277463904582549,0.0,0.0,0.0
21270,0.0,0.0,0.0,0.0,0.0,0.0
21278,0.0,0.2237637055269635,0.11188185276348175,0.0,0.0,0.11188185276348175
21295,0.0,0.0,0.0,0.0,0.0,0.0
21315,0.0,0.0,0.0,0.0,0.0,0.0
21320,0.0,0.0,0.0,0.0,0.0,0.0
21339,0.0,0.0,0.0,0.0,0.0,0.0
21355,0.0,0.11372682815876266,0.11372682815876266,0.0,0.0,0.22745365631752532
21370,0.0,0.0,0.0,0.0,0.0,0.0
21390,0.0,0.18635855385762207,0.0,0.0,0.0,0.5590756615728661
21408,0.0,0.0,0.0,0.0,0.0,0.0
21452,0.0,0.0,0.0,0.0,0.0,0.0
21473,0.0,0.0,0.0,0.0,0.0,0.0
21481,0.0,0.0,0.0,0.0,0.0,0.0
21485,0.0,0.0,0.3838771593090211,0.0,0.0,0.3838771593090211
21508,0.0,0.0,0.0,0.0,0.0,0.0
21515,0.0,0.31259768677711786,0.0,0.2083984578514119,0.2083984578514119,0.6251953735542357
21521,0.0,0.0,0.0,0.0,0.0,0.0
21532,0.0,0.0,0.0,0.0,0.0,0.0
21535,0.0,0.0,0.0,0.0,0.0,0.0
21540,0.0,0.1362397820163488,0.1362397820163488,0.0,0.1362397820163488,0.0
21585,0.0,0.0,0.0,0.0,0.0,0.0
21586,0.0,0.0,0.0,0.0,0.0,0.0
21605,0.0,0.0,0.0,0.0,0.0,0.0
21617,0.0,0.0,0.08545547769612032,0.0,0.0,0.17091095539224063
21632,0.0,0.0,0.0,0.0,0.0,0.0
21656,0.0,0.0,0.0,0.0,0.0,0.0
21657,0.0,0.0,0.0,0.0,0.0,0.0
21661,0.0,0.0,0.0,0.0,0.0,0.0
38045,0.0,0.0,0.0,0.0,0.0,0.0
38057,0.0,0.0,0.0,0.0,0.0,0.0
38059,0.0,0.0,0.0,0.0,0.0,0.0
38068,0.0,0.0,0.0,0.0,0.0,0.0
38071,0.0,0.33112582781456956,0.33112582781456956,0.0,0.0,0.0
38090,0.0,0.0,0.0,0.0,0.0,0.0
38111,0.0,0.0,0.0,0.0,0.0,0.12454851164528583
38115,0.0,0.0,0.0,0.0,0.0,0.0
38126,0.0,0.0,0.2502502502502503,0.0,0.0,0.5005005005005005
38150,0.0,0.0,0.2966478789676654,0.0,0.0,0.1483239394838327
38151,0.0,0.027890112954957465,0.0,0.05578022590991493,0.0,0.19523079068470225
38153,0.0,0.0,0.0,0.0,0.0,0.0
38158,0.0,0.096237128284092,0.096237128284092,0.0,0.0,0.192474256568184
38169,0.0,0.13386283521484987,0.04462094507161662,0.0,0.04462094507161662,0.08924189014323324
38170,0.3673769287288758,0.0,0.0,0.0,0.0,0.3673769287288758
38179,0.0,0.30298439630359036,0.0,0.0,0.0,0.6059687926071807
38185,0.006321911746112024,0.031609558730560115,0.10747249968390442,0.006321911746112024,0.12643823492224046,0.2908079403211531
38187,0.0,0.0,0.0,0.0,0.0,0.0
38188,0.0,0.0,0.0,0.0,0.0,0.0
38200,0.0,0.0,0.0,0.0,0.2678093197643278,0.0
38203,0.0,0.0,0.0,0.0,0.0,0.0
38205,0.0,0.0,0.0,0.0,0.0,0.0
38212,0.0,0.0,0.0,0.0,0.0,0.0
38225,0.0,0.0,0.0,0.0,0.0,0.0
38229,0.0,0.05842827928717499,0.05842827928717499,0.0,0.05842827928717499,0.05842827928717499
38235,0.0,0.0,0.0,0.0,0.0,0.0
38248,0.0,0.0,0.0,0.0,0.0,0.0
38249,0.0,0.0,0.0,0.0,0.0,0.0
38252,0.0,0.0,0.0,0.0,0.0,0.0
38254,0.0,0.0,0.0,0.0,0.0,0.0
38258,0.0,0.0,0.0,0.0,0.0,0.0
38264,0.0,0.0,0.0,0.0,0.0,0.0
38271,0.0,0.0,0.0,0.0,0.0,0.0
38277,0.0,0.0,0.0,0.0,0.0,0.0
38279,0.0,0.0,0.0,0.0,0.0,0.0
38280,0.0,0.0,0.0,0.0,0.0,0.0
38281,0.0,0.0,0.0,0.0,0.0,0.0
38309,0.0,0.0,0.0,0.0,0.0,0.4528985507246377
38317,0.0,0.0,0.09347541596560105,0.0,0.09347541596560105,0.3739016638624042
38325,0.0,0.0,0.0,0.0,0.0,0.0
38328,0.0,0.0,0.0,0.0,0.0,0.0
38334,0.0,0.0,0.0,0.0,0.0,0.0
38364,0.0,0.0,2.277904328018223,0.0,0.0,0.0
38382,0.0,0.06288517167651868,0.0,0.0,0.0,0.18865551502955602
38388,0.0,0.0,0.0,0.0,0.0,0.0
38391,0.0,0.0,0.0,0.0,0.0,0.0
38397,0.0,0.0,0.0,0.0,0.0,0.0
38402,0.0,0.0,0.0,0.0,0.0,0.0
38421,0.0,0.05176787285810426,0.05176787285810426,0.0,0.02588393642905213,0.36237511000672984
38422,0.0,0.0,0.0,0.0,0.0,0.0
38423,0.0,0.0,0.0,0.0,0.0,0.5211047420531526
38433,0.0,0.0,0.0,0.0,0.0,0.0
38436,0.0,0.0,0.0,0.0,0.0,0.0
38438,0.0,0.0,0.0,0.0,0.0,0.0
38442,0.0,0.0,0.0,0.0,0.0,0.0
38445,0.0,0.0,0.0,0.0,0.0,0.0
38450,0.0,0.0,0.0,0.0,0.0,0.0
38471,0.0,0.0,1.7969451931716083,0.0,0.0,0.0
38472,0.0,0.0,0.0,0.0,0.0,0.0
38474,0.0,0.0,0.08793527963418923,0.0,0.0,0.26380583890256776
38478,0.0,0.0,0.0,0.0,0.0,0.0
38485,0.0,0.0,0.08346548702111677,0.0,0.0,0.16693097404223353
38486,0.0,0.13601741022850924,0.0,0.0,0.0,0.0
38516,0.0,0.0,0.0,0.0,0.0,0.30102347983142685
38524,0.0,0.12080212611741967,0.12080212611741967,0.0,0.0,0.0
38528,0.0,0.0,0.0,0.0,0.0,0.0
38529,0.0,0.0,0.0,0.0,0.2684563758389262,0.0
38533,0.0,0.0,1.3869625520110958,0.0,0.0,0.0
38538,0.0,0.0,0.0,0.0,0.0,0.0
38540,0.0,0.0,0.0,0.0,0.0,0.0
38545,0.0,0.0,0.11944577161968466,0.0,0.0,0.0
38548,0.0,0.0,0.0,0.0,0.0,0.0
38562,0.0,0.0,0.0,0.0,0.0,0.13462574044157244
38565,0.0,0.0,0.0,0.0,0.0,0.0
38567,0.0,0.0,0.0,0.0,0.0,0.0
59005,0.0,0.0,0.0,0.0,0.0,0.5777007510109763
59009,0.0,0.04810930433945925,0.17640078257801725,0.032072869559639505,0.0962186086789185,0.4971294781744123
59011,0.0,0.0,0.0,0.0,0.0,0.28598665395614875
59013,0.0,0.0,0.6983240223463687,0.0,0.0,0.0
59017,0.0,0.03997601439136518,0.03997601439136518,0.0,0.03997601439136518,0.19988007195682592
59022,0.0,0.0,0.0,0.0,0.0,0.0
59025,0.0,0.0,0.0,0.0,0.0,0.6211180124223603
59034,0.0,0.0,0.0,0.0,0.0,0.0
59044,0.0,0.2105263157894737,0.0,0.0,0.0,0.2105263157894737
59051,0.0,0.0,0.0,0.0,0.1557389814670612,0.1557389814670612
59052,0.0,0.0,0.0,0.0,0.0,0.19120458891013384
59056,0.0,0.0,0.0,0.0,0.0,0.0
59088,0.0,0.0,0.0,0.0,0.0,0.6238303181534622
59090,0.0,0.0,0.0,0.0,0.0,0.09954210631096953
59098,0.0,0.0,0.0,0.0,0.0,0.2069108214359611
59106,0.0,0.0,1.447178002894356,0.0,1.447178002894356,0.0
59123,0.0,0.0,0.0,0.0,0.0,0.0
59124,0.0,0.0,0.0,0.0,0.0,0.0
59128,0.0,0.0,0.0,0.0,0.0,0.0
59133,0.0,0.0,0.0,0.0,0.0,0.0
59143,0.0,0.0,0.0,0.0,0.0,0.23719165085388993
59145,0.0,0.0,0.0,0.0,0.0,0.0
59146,0.0,0.0,0.0,0.0,0.33456005352960855,0.33456005352960855
59152,0.0,0.0808472794890452,0.0,0.0,0.0,0.0
59163,0.04701236425179822,0.0,0.04701236425179822,0.0,0.04701236425179822,0.14103709275539467
59168,0.0,0.0,0.0,0.0,0.0,0.0
59173,0.0,0.5952380952380953,0.0,0.0,0.0,0.0
59193,0.0,0.0,0.315059861373661,0.0,0.0,0.0
59195,0.0,0.0,0.0,0.0,0.0,0.0
59196,0.0,0.0,0.0,0.0,0.0,0.0
59197,0.0,0.0,0.0,0.0,0.0,0.0
59201,0.0,0.0,0.0,0.0,0.0,0.0
59202,0.0,0.0,0.0,0.0,0.0,0.196811651249754
59208,0.0,0.0,0.0,0.0,0.0,0.0
59220,0.0,0.0,0.0,0.0,0.0,0.22738900574157242
59247,0.0,0.0,0.691085003455425,0.0,0.0,0.0
59250,0.0,0.0,0.0,0.0,0.0,0.9025270758122744
59252,0.0,0.0,0.0,0.0,0.0,0.41631973355537055
59256,0.0,0.0,0.0,0.0,0.0,0.0
59257,0.0,1.0905125408942202,0.0,0.0,0.0,0.0
59266,0.0,0.0,0.0,0.0,0.0,0.0
59275,0.0,0.0,0.0,0.0,0.0,0.0
59278,0.0,0.0,0.0,0.0,0.0,0.0
59279,0.0,0.0,0.09658103148541626,0.0,0.04829051574270813,0.19316206297083252
59281,0.0,0.0,0.0,0.0,0.0,0.7674597083653109
59286,0.0,0.0,0.0,0.0,0.06696129637069774,0.4017677782241864
59299,0.0,0.05287088928835783,0.0,0.0,0.0,0.10574177857671566
59303,0.0,0.0,0.4152823920265781,0.0,0.0,0.0
59304,0.0,0.0,0.0,0.0,0.0,0.0
59316,0.0,0.0,0.29078220412910727,0.0,0.0,0.0
59317,0.0,0.0,0.0,0.0,0.0,0.0
59320,0.0,0.0,0.0,0.0,0.0,0.0
59328,0.0,0.10862480990658266,0.0,0.0,0.10862480990658266,0.18104134984430442
59332,0.0,0.0,0.0,0.0,0.0,0.0
59339,0.0,0.0,0.10475591870940708,0.0,0.0,0.3142677561282213
59343,0.0,0.0,0.0,0.0,0.0,0.2527805864509606
59346,0.0,0.0,0.0,0.0,0.3181673560292714,0.3181673560292714
59350,0.02581311306143521,0.02581311306143521,0.16348304938908964,0.017208742040956806,0.08604371020478403,0.3355704697986577
59352,0.0,0.0,0.11967448539971279,0.0,0.0,0.11967448539971279
59356,0.0,0.0,0.0,0.0,0.0,0.434593654932638
59360,0.0,0.0,0.0452980612429788,0.0,0.0452980612429788,0.3623844899438304
59364,0.0,0.0,0.0,0.0,0.0,0.0
59367,0.0,0.07496251874062967,0.0,0.0,0.0,0.0
59368,0.0,0.04705218086858325,0.0,0.0,0.0941043617371665,0.14115654260574978
59371,0.0,0.0,0.0,0.0,0.0,0.0
59378,0.0,0.025769875016106173,0.15461925009663702,0.0,0.051539750032212346,0.30923850019327404
59386,0.0,0.0,0.09593246354566386,0.0,0.09593246354566386,0.47966231772831924
59388,0.0,0.0,0.0,0.0,0.0,0.0
59410,0.0,0.09590026372572524,0.0,0.0,0.09590026372572524,0.43155118676576365
59421,0.0,0.07504127269998499,0.07504127269998499,0.0,0.0,0.15008254539996999
59426,0.0,0.09642271719217047,0.0,0.0,0.0,0.19284543438434093
59431,0.0,0.0,0.0,0.0,0.0,0.0
59437,0.0,0.0,0.0,0.0,0.0,0.0
59457,0.0,0.0,0.11953143676786995,0.0,0.0,0.0
59458,0.0,0.0,1.1074197120708749,0.0,0.0,0.0
59462,0.0,0.0,0.0,0.0,0.0,0.0
59470,0.0,0.0,0.0,0.0,0.0,0.0
59477,0.0,0.0,0.0,0.0,0.0,0.0
59482,0.0,0.14749262536873156,0.0,0.0,0.0,0.0
59487,0.0,0.0,0.0,0.0,0.0,0.7326007326007326
59507,0.0,0.052427388067526476,0.0,0.0,0.0,0.31456432840515886
59508,0.0,0.07421150278293134,0.07421150278293134,0.0,0.07421150278293134,0.07421150278293134
59512,0.01037215284404431,0.02074430568808862,0.11409368128448741,0.09334937559639879,0.1037215284404431,0.2593038211011077
59522,0.0,0.0,0.0,0.0,0.0,0.0
59523,0.0,0.0,0.0,0.0,0.0,0.0
59524,0.0,0.1773049645390071,0.1773049645390071,0.0,0.0,0.1773049645390071
59527,0.08134710811030668,0.16269421622061336,0.0,0.0,0.08134710811030668,0.24404132433092005
59550,0.0,0.0,0.0,0.0,0.0,0.0
59553,0.0,0.17337031900138697,0.0,0.0,0.0,0.0
59560,0.0,0.08023750300890636,0.16047500601781273,0.0,0.0,0.4011875150445318
59566,0.0,0.2127659574468085,0.0,0.0,0.0,0.2127659574468085
59581,0.0,0.0,0.0,0.0,0.0,0.0
59585,0.0,0.0,0.0,0.0,0.0,0.0
59598,0.0,0.0,0.0,0.0,0.0,0.2549069589599796
59599,0.01025893553284911,0.01025893553284911,0.08207148426279288,0.01025893553284911,0.07181254872994378,0.21543764618983136
59602,0.0,0.0,0.0,0.0,0.0,0.0
59609,0.0,0.0,0.6146281499692685,0.0,0.0,0.0
59611,0.0,0.0,0.0,0.0,0.0,0.0
59636,0.0,0.18977132555270898,0.18977132555270898,0.0,0.0,0.2846569883290635
59643,0.0,0.0,0.0,0.0,0.0,0.0
59646,0.0,0.048257890165041985,0.048257890165041985,0.0,0.048257890165041985,0.19303156066016794
59648,0.0,0.0,0.0,0.0,0.1380738695201933,0.4142216085605799
59650,0.0,0.02418906170629641,0.04837812341259282,0.0,0.07256718511888924,0.1693234319440749
59653,0.0,0.0,0.0,0.0,0.0,0.0
59656,0.0,0.18477457501847747,0.18477457501847747,0.0,0.0,0.18477457501847747
59658,0.0,0.0,0.0,0.0,0.0,2.1052631578947367
59660,0.0,0.0,0.0,0.0,0.0,0.33178500331785005
59670,0.0,0.0,0.0,0.0,0.0,0.0
62132,0.0,0.0,0.0,0.0,0.0,0.0
62215,0.0,0.0,0.0,0.0,0.0,0.0
62276,0.0,0.0,0.0,0.0,0.0,0.0
62338,0.0,0.0,0.0,0.0,0.0,0.0
62401,0.0,0.0,0.0,0.0,0.0,0.0
62491,0.0,0.0,0.0,0.0,0.0,0.0
62529,0.0,0.0,0.0,0.0,0.0,0.0
62573,0.0,0.0,0.0,0.0,0.0,0.0
62736,0.0,0.0,0.0,0.0,0.0,0.0
62863,0.0,0.0,0.0,0.0,0.0,0.0
62895,0.0,0.0,0.0,0.0,0.0,0.0
01105,0.0,0.0,0.0,0.0,0.0,0.0
01238,0.0,0.0,0.0,0.0,0.0,0.0
01248,0.0,0.0,0.0,0.0,0.0,0.0
01249,0.0,0.0,0.0,0.0,0.0,0.0
01275,0.0,0.0,0.0,0.0,0.0,0.0
01322,0.0,0.0,0.0,0.0,0.0,0.0
01376,0.0,0.0,0.0,0.0,0.0,0.0
01418,0.0,0.0,0.0,0.0,0.0,0.0
01427,0.0,0.0,0.0,0.0,0.0,0.0
38087,0.0,0.0,0.0,0.0,0.0,0.0
69003,0.0,0.0,0.0,0.0,0.0,0.0
69005,0.0,0.0,0.0,0.0,0.0,0.0
69027,0.0,0.0,0.0,0.0,0.0,0.0
69028,0.0,0.0,0.0,0.0,0.0,0.0
69029,0.0,0.024354603019970774,0.04870920603994155,0.024354603019970774,0.0,0.1948368241597662
69033,0.0,0.0,0.0,0.0,0.0,0.0
69034,0.046603751602003966,0.1165093790050099,0.06990562740300595,0.0,0.046603751602003966,0.1165093790050099
69040,0.0,0.0,0.1784758165268606,0.0,0.0,0.3569516330537212
69043,0.0,0.0,0.0,0.0,0.0,0.0
69044,0.0,0.0,0.0,0.0,0.0,0.39872408293460926
69046,0.0,0.0,0.0,0.0,0.0,0.22079929344226099
69049,0.0,0.0,0.0,0.0,0.0,0.0
69055,0.0,0.0,0.0,0.0,0.0,0.0
69063,0.0,0.0,0.24666995559940802,0.0,0.0,0.24666995559940802
69068,0.390777647518562,0.0,0.390777647518562,0.0,0.0,0.390777647518562
69069,0.0,0.0,0.0,0.0,0.0,0.1792435920415845
69071,0.0,0.0,0.0,0.0,0.0,0.0
69072,0.0,0.0,0.0,0.0,0.0,0.23209933851688522
69076,0.0,0.0,0.0,0.0,0.0,0.0
69080,0.0,0.0,0.0,0.0,0.0,0.0
69081,0.0,0.0,0.11051555506437531,0.0,0.11051555506437531,0.38680444272531356
69085,0.0,0.0,0.0,0.0,0.0,0.0
69087,0.0,0.0,0.0,0.0,0.0,0.32573289902280134
69088,0.0,0.0,0.0,0.0,0.0,0.14283673760891302
69089,0.0,0.14007564084605686,0.07003782042302843,0.0,0.07003782042302843,0.14007564084605686
69091,0.0,0.0,0.0,0.0,0.15534382767191385,0.20712510356255176
69094,0.0,0.0,0.0,0.0,0.0,0.0
69096,0.0,0.0,0.0,0.0,0.0,0.2080083203328133
69100,0.0,0.0,0.0,0.0,0.0,0.4646300383319782
69112,0.0,0.0,0.0,0.0,0.0,0.0
69116,0.0,0.0,0.27210884353741494,0.0,0.0,0.27210884353741494
69117,0.0,0.0,0.0,0.0,0.0,0.0
69118,0.0,0.0,0.0,0.0,0.0,0.0
69125,0.0,0.0,0.0,0.0,0.0,0.0
69127,0.0,0.2676659528907923,0.0,0.0,0.0,0.0
69133,0.0,0.0,0.0,0.0,0.0,0.0
69136,0.0,0.0,0.0,0.0,0.0,0.0
69142,0.0,0.0,0.15822784810126583,0.0,0.15822784810126583,0.31645569620253167
69143,0.0,0.0,0.13449899125756556,0.13449899125756556,0.0,0.26899798251513113
69149,0.0,0.0,0.11315630657815329,0.0,0.07543753771876886,0.18859384429692214
69152,0.0,0.0,0.09530162965786715,0.0,0.0,0.0
69153,0.0,0.0,0.7710100231303006,0.0,0.0,0.0
69163,0.0,0.0,0.0,0.0,0.0,0.0
69168,0.0,0.0,0.0,0.0,0.0,0.0
69179,0.0,0.0,0.0,0.0,0.0,0.0
69190,0.0,0.0,0.0,0.0,0.0,0.0
69191,0.0,0.0,0.18034265103697025,0.0,0.0,0.18034265103697025
69194,0.0,0.0,0.3007518796992481,0.0,0.0,0.15037593984962405
69199,0.0,0.0,0.16158569427986644,0.16158569427986644,0.0,0.10772379618657761
69202,0.0,0.09092975676290066,0.0,0.04546487838145033,0.09092975676290066,0.136394635144351
69204,0.0,0.09282896263634254,0.0,0.0,0.1392434439545138,0.2784868879090276
69205,0.0,0.0,0.0,0.0,0.0,0.20496003279360525
69207,0.0,0.0,0.0,0.0,0.0,0.0
69233,0.0,0.0,0.0,0.0,0.0,0.0
69236,0.0,0.0,0.0,0.0,0.0,0.0
69244,0.0,0.08946144211844695,0.044730721059223474,0.0,0.0,0.1789228842368939
69250,0.0,0.0,0.2462447672986949,0.0,0.0,0.0
69256,0.0,0.020619832154566264,0.08247932861826505,0.020619832154566264,0.12371899292739756,0.2680578180093614
69259,0.0,0.045868052901154345,0.06115740386820579,0.030578701934102896,0.10702545676936014,0.2599189664398746
69260,0.0,0.0,0.0,0.0,0.0,0.0
69266,0.00671055368778478,0.033552768438923894,0.06039498319006301,0.01342110737556956,0.06710553687784779,0.15434273481904992
69268,0.0,0.0,0.0,0.0,0.0,0.0
69270,0.0,0.0,0.0,0.0,0.0,0.0
69271,0.0,0.19542700801250731,0.0,0.0,0.0,0.09771350400625366
69273,0.0,0.0892140244446427,0.0,0.0,0.0,0.1784280488892854
69275,0.0,0.0,0.10771606046461527,0.07181070697641019,0.0,0.25133747441743565
69276,0.0,0.10122482032594392,0.10122482032594392,0.10122482032594392,0.0,0.0
69277,0.0,0.0,0.0,0.0,0.0,0.0
69278,0.1836210062431142,0.0,0.1836210062431142,0.0,0.0,0.0
69279,0.0,0.0,0.17129153819801302,0.0,0.0,0.17129153819801302
69280,0.0,0.0,0.0,0.0,0.0,0.0
69281,0.0,0.0,0.0,0.0,0.0,0.0
69282,0.0,0.03030670384289005,0.03030670384289005,0.1212268153715602,0.03030670384289005,0.15153351921445024
69283,0.0,0.07550588945937783,0.0,0.0,0.0,0.2265176683781335
69284,0.0,0.0,0.0,0.0,0.0,0.0
69285,0.0,0.0,0.0,0.0,0.0,0.0
69286,0.0,0.06692320562154927,0.033461602810774635,0.0,0.033461602810774635,0.10038480843232392
69287,0.0,0.0,0.0,0.0,0.0,0.0
69289,0.0,0.0,0.0,0.0,0.0,0.0
69290,0.0,0.021813105313672455,0.0,0.021813105313672455,0.04362621062734491,0.13087863188203472
69291,0.0,0.0,0.0,0.0,0.0,0.0
69292,0.0,0.0,0.16874789065136686,0.0,0.16874789065136686,0.3374957813027337
69293,0.0,0.0,0.0,0.0,0.0,0.42625745950554134
69294,0.0,0.0,0.0,0.0,0.0,0.0
69296,0.0,0.0,0.0,0.0,0.34293552812071326,0.0
69297,0.0,0.0,0.0,0.0,0.0,0.0
69298,0.0,0.0,0.0,0.0,0.0,0.0
69381,0.0,0.0,0.2028740490278952,0.0,0.2028740490278952,0.47337278106508873
69382,0.06571381632988335,0.032856908164941676,0.2628552653195334,0.0,0.2628552653195334,0.8214227041235419
69383,0.0098046905639658,0.0098046905639658,0.0784375245117264,0.0098046905639658,0.08824221507569222,0.27453133579104244
69384,0.0,0.0,0.19401330376940132,0.0,0.02771618625277162,0.19401330376940132
69385,0.020437777187353103,0.020437777187353103,0.22481554906088413,0.0,0.16350221749882482,0.2656911034355904
69386,0.01944919869301385,0.01944919869301385,0.13614439085109695,0.0,0.1555935895441108,0.2722887817021939
69387,0.012188433176915108,0.012188433176915108,0.08531903223840576,0.012188433176915108,0.03656529953074532,0.23158023036138703
69388,0.0,0.011831939136505081,0.023663878273010162,0.0,0.05915969568252541,0.17747908704757623
69389,0.0,0.03944306393720664,0.15777225574882656,0.05916459590580996,0.05916459590580996,0.2761014475604465
72001,0.0,0.0,0.0,0.0,0.0,0.0
72003,0.0,0.09007386056566384,0.09007386056566384,0.0,0.0,0.09007386056566384
72008,0.0,0.0,0.0,0.0,0.0,0.19043991620643688
72024,0.0,0.0,0.0,0.0,0.0,0.0
72047,0.0,0.0,0.0,0.0,0.0,0.0
72054,0.0,0.0,0.0,0.0,0.0,0.2592688618096966
72058,0.0,0.0,0.0,0.0,0.0,0.0
72065,0.0,0.0,0.4185851820845542,0.0,0.0,0.0
72066,0.0,0.0,0.0,0.0,0.0,0.0
72073,0.0,0.0,0.0,0.0,0.0,0.0
72095,0.0,0.1342822613132805,0.1342822613132805,0.0,0.268564522626561,0.1342822613132805
72096,0.0,0.0,0.0,0.0,0.0,0.0
72113,0.0,0.0,0.0,0.0,0.0,0.0
72127,0.0,0.0,0.0,0.0,0.0,0.0
72129,0.0,0.0,0.0,0.0,0.0,0.0
72130,0.0,0.0,0.0,0.0,0.0,0.0
72155,0.0,0.0,0.0,0.0,0.0,0.0
72157,0.0,0.0,0.0,0.0,0.0,0.0
72181,0.0,0.03496723570014896,0.0909148128203873,0.020980341420089376,0.11888860138050646,0.19581651992083415
72198,0.0,0.0,0.0,0.0,0.0,0.3770739064856712
72200,0.0,0.0,0.0,0.0,0.0,0.0
72213,0.0,0.18942981625307823,0.0,0.0,0.0,0.37885963250615645
72217,0.0,0.41631973355537055,0.0,0.0,0.0,0.0
72231,0.0,0.0,0.0,0.0,0.0,0.0
72247,0.0,0.7552870090634441,0.0,0.0,0.0,0.0
72249,0.0,0.0,0.0,0.0,0.0,0.0
72257,0.0,0.0,0.0,0.0,0.0,0.0
72260,0.0,0.0,0.0,0.0,0.0,0.0
72280,0.0,0.0,0.0,0.0,0.0,0.0
72300,0.0,0.0,0.0,0.0,0.0,0.0
72310,0.0,0.0,0.0,0.0,0.0,0.0
72320,0.0,0.0,0.0,0.0,0.0,0.0
72328,0.0,0.0,0.0,0.0,0.0,0.27972027972027974
72329,0.0,0.0,0.0,0.0,0.0,0.0
72339,0.0,0.0,0.0,0.0,0.0,0.0
72344,0.0,0.0,0.0,0.0,0.0,0.0
72350,0.0,0.0,0.0,0.0,0.0,0.0
72360,0.0,0.0,0.0,0.0,0.0,0.0
72381,0.0,0.0,0.0,0.0,0.0,0.0
72386,0.23507287259050305,0.0,0.23507287259050305,0.0,0.0,0.0
13002,0.0,0.0,0.0,0.0,0.0,0.0
13005,0.0,0.0,0.0,0.0,0.0,0.0
13022,0.0,0.0,0.0,0.0,0.0,0.0
13070,0.0,0.0,0.0,0.0,0.0,0.0
13071,0.0,0.0,0.0,0.0,0.0,0.0
13075,0.0,0.0,0.0,0.0,0.0,0.0
13088,0.0,0.0,0.0,0.0,0.0,0.0
13106,0.0,0.0,0.0,0.0,0.0,0.0
13107,0.0,0.0,0.0,0.0,0.0,0.0
13201,0.0,0.0,0.17412069051290982,0.024874384358987114,0.3233669966668325,0.2984926123078454
13202,0.0,0.0,0.20090003214400515,0.04018000642880103,0.1205400192864031,0.3616200578592093
13203,0.0,0.0,0.08372930316287443,0.041864651581437214,0.08372930316287443,0.18839093211646746
13204,0.0,0.020801264716894786,0.04160252943378957,0.0,0.06240379415068436,0.10400632358447394
13205,0.021610407572286813,0.0,0.04322081514457363,0.0,0.08644163028914725,0.1944936681505813
13206,0.023218017181332717,0.0,0.18574413745066173,0.0,0.162526120269329,0.6036684467146506
13207,0.0,0.0,0.08529269610212378,0.0,0.11372359480283172,0.2843089870070793
13208,0.012387889599127894,0.012387889599127894,0.09910311679302315,0.012387889599127894,0.07432733759476735,0.2601456815816858
13209,0.0,0.0,0.04025602834024395,0.0,0.04025602834024395,0.1878614655878051
13210,0.0,0.03559288854086954,0.0533893328113043,0.03559288854086954,0.0533893328113043,0.24915021978608676
13211,0.01731391865921014,0.03462783731842028,0.06925567463684056,0.0,0.01731391865921014,0.19045310525131154
13212,0.0,0.03289527788285991,0.09868583364857975,0.0,0.016447638941429955,0.29605750094573924
13213,0.010898707413300783,0.0,0.04359482965320313,0.021797414826601566,0.021797414826601566,0.16348061119951174
13214,0.0321548577951414,0.0160774288975707,0.0803871444878535,0.0321548577951414,0.0482322866927121,0.160774288975707
13215,0.0,0.0,0.05234231876472128,0.02617115938236064,0.09159905783826224,0.18319811567652447
13216,0.0,0.0,0.06101281269066504,0.06101281269066504,0.1830384380719951,0.6101281269066504
54283,0.0,0.0,0.0,0.0,0.0,0.0
54469,0.0,0.0,0.0,0.0,0.0,0.0
54478,0.0,0.0,0.0,0.0,0.0,0.0
57017,0.0,0.0,0.0,0.0,0.0,0.0
57021,0.0,0.0,0.0,0.0,0.0,0.0
57028,0.0,0.0,0.0,0.0,0.0,0.0
57031,0.0,0.0,0.0,0.0,0.0,0.0
57032,0.0,0.42689434364994666,0.21344717182497333,0.0,0.21344717182497333,0.42689434364994666
57039,0.0,0.5333333333333333,0.0,0.0,0.0,0.0
57049,0.0,0.0,0.0,0.0,0.0,0.2304147465437788
57129,0.0,0.0,0.0,0.0,0.0,0.0
57134,0.0,0.0,0.0,0.0,0.0,1.618996222342148
57140,0.0,0.0,0.0,0.0,0.0,0.0
57142,0.0,0.0,0.0,0.0,0.0,0.0
57145,0.0,0.0,0.0,0.0,0.0,0.0
57146,0.0,0.0,0.0,0.0,0.0,0.0
57147,0.0,0.0,0.0,0.0,0.0,0.0
57148,0.0,0.0,0.0,0.0,0.0,0.0
57153,0.0,0.0,0.0,0.0,0.0,0.0
57156,0.0,0.0,0.0,0.0,0.0,0.0
57162,0.0,0.0,0.0,0.0,0.0,0.0
57204,0.0,0.0,0.0,0.0,0.0,0.0
57211,0.0,0.0,0.0,0.0,0.0,0.0
57212,0.0,0.0,0.0,0.0,0.0,0.0
57218,0.0,0.0,0.0,0.0,0.0,0.0
57256,0.0,0.0,0.0,0.0,0.0,0.0
57303,0.0,0.0,0.0,0.0,0.0,0.0
57350,0.0,0.0,0.0,0.0,0.0,0.0
57351,0.0,0.0,0.0,0.0,0.0,0.0
57352,0.0,0.0,0.0,0.0,0.0,0.0
57385,0.0,0.0,0.0,0.0,0.0,0.0
57396,0.0,0.0,0.0,0.0,0.0,0.0
57412,0.0,0.2458210422812193,0.4916420845624386,0.0,0.0,0.2458210422812193
57415,0.0,0.0,0.0,0.0,0.5659309564233164,0.0
57416,0.0,0.0,0.0,0.0,0.0,0.0
57438,0.0,0.0,0.0,0.0,0.0,0.0
57445,0.0,0.0,0.0,0.0,0.0,1.4347202295552368
57447,0.0,0.1990247785849338,0.1990247785849338,0.0,0.0995123892924669,0.3980495571698676
57449,0.0,0.0,0.0,0.0,0.0,0.0
57452,0.0,0.0,0.0,0.0,0.0,0.0
57454,0.0,0.0,0.0,0.0,0.0,0.0
57463,0.008482483671218934,0.033929934684875734,0.31385189583510054,0.04241241835609467,0.11875477139706506,0.28840444482144373
57467,0.0,0.0,3.6496350364963503,0.0,0.0,0.0
57480,0.0,0.0,0.18422143416386497,0.0,0.04605535854096624,0.27633215124579746
57482,0.0,0.0,0.0,0.0,0.0,0.0
57487,0.0,0.589043785588062,0.0,0.0,0.0,0.19634792852935404
57510,0.0,0.0,0.0,0.0,0.0,0.0
57511,0.0,0.0,0.0,0.0,0.0,0.0
57512,0.0,0.0,0.0,0.0,0.0,0.0
57527,0.0,0.0,0.0,0.0,0.0,0.0
57533,0.0,0.0,0.0,0.0,0.0,0.0
57534,0.0,0.5373455131649651,0.0,0.0,0.5373455131649651,0.0
57545,0.0,0.0,0.0,0.0,0.0,0.0
57546,0.0,0.0,0.0,0.0,0.0,0.0
57548,0.0,0.0,0.0,0.0,0.0,0.0
57552,0.0,0.0,0.0,0.0,0.0,0.0
57553,0.0,0.0,0.0,0.0,0.0,0.0
57554,0.0,0.0,0.0,0.0,0.0,0.0
57575,0.0,0.0,0.0,0.0,0.0,0.0
57578,0.0,0.0,0.0,0.0,0.0,0.0
57593,0.0,0.0,0.0,0.0,0.0,0.0
57601,0.0,0.7262164124909223,0.0,0.0,0.0,0.0
57616,0.0,0.0,0.0,0.0,0.0,0.29708853238265004
57620,0.0,0.0,0.0,0.0,0.0,0.0
57622,0.0,0.0,0.0,0.0,0.0,0.0
57624,0.0,0.0,0.0,0.0,0.0,0.0
57627,0.0,0.0,0.0,0.0,0.0,0.0
57634,0.0,0.0,0.0,0.0,0.0,0.0
57642,0.0,0.37453183520599254,0.37453183520599254,0.0,0.0,0.0
57649,0.0,0.0,0.0,0.0,0.0,0.0
57652,0.0,0.0,0.0,0.0,0.0,0.0
57656,0.0,0.0,0.0,0.0,0.0,0.0
57693,0.0,0.0,0.0,0.0,0.0,0.0
57694,0.0,0.0,0.0,0.0,0.0,0.0
57701,0.0,0.0,0.0,0.0,0.0,0.0
57707,0.0,0.0,0.0,0.0,0.0,0.0
57708,0.0,0.0,0.0,0.0,0.0,0.0
57751,0.0,0.0,0.07090689924129617,0.0,0.0,0.0
34014,0.0,0.0,0.0,0.0,0.0,0.0
34016,0.0,0.0,0.0,0.0,0.0,0.0
34022,0.0,0.13475272874275704,0.0,0.0,0.0,0.2695054574855141
34027,0.0,0.0,0.5449591280653951,0.0,0.0,0.0
34043,0.0,0.0,0.0,0.0,0.0,0.0
34057,0.0,0.0,0.051929168614010486,0.0,0.0,0.051929168614010486
34058,0.0,0.0,0.1638001638001638,0.0,0.0,0.3276003276003276
34077,0.0,0.18271514708569342,0.0,0.0,0.18271514708569342,0.0
34082,0.0,0.0,0.0,0.0,0.0,0.0
34087,0.0,0.0,0.0,0.0,0.0,0.301659125188537
34088,0.0,0.0,0.0,0.0,0.0,0.16806722689075632
34090,0.0,0.0,0.0,0.0,0.0,0.21600604816934876
34095,0.1446340757882557,0.1446340757882557,0.1446340757882557,0.0,0.0,0.5785363031530228
34113,0.0,0.0,0.0,0.0,0.0,0.0
34116,0.0,0.0,0.0,0.0,0.12075836251660427,0.24151672503320853
34118,0.0,0.0,0.0,0.0,0.0,0.0
34120,0.0,0.0,0.2947678703021371,0.0,0.0,0.0
34123,0.0,0.09204712812960235,0.0,0.0,0.0,0.0
34127,0.0,0.0,0.0,0.0,0.0,0.0
34129,0.0,0.059926889195181875,0.059926889195181875,0.0,0.11985377839036375,0.059926889195181875
34134,0.0,0.0,0.0,0.0,0.0,0.0
34146,0.0,0.0,0.0,0.0,0.0,0.0
34153,0.0,0.0,0.0,0.0,0.0,0.0
34154,0.0,0.0,0.05857201429157149,0.0,0.0,0.0
34159,0.0,0.0,0.0,0.0,0.0,0.0
34163,0.0,0.0,0.0,0.0,0.0,0.0
34164,0.0,0.0,0.0,0.0,0.0,0.0
34165,0.0,0.0,0.0,0.0,0.0,0.0
34169,0.0,0.27793218454697055,0.0,0.0,0.0,0.0
34172,0.0035509724338009963,0.010652917301402989,0.08522333841122391,0.021305834602805978,0.06036653137461694,0.3444443260786967
34176,0.0,0.0,0.0,0.0,0.0,0.0
34179,0.0,0.0,0.5288207297726071,0.0,0.0,0.0
34192,0.0,0.0,0.0,0.0,0.0,0.0
34198,0.0,0.11036309458117205,0.0,0.0,0.0,0.5518154729058603
34202,0.0,0.0,0.1461133839859731,0.0,0.1461133839859731,0.43834015195791937
34217,0.0,0.0,0.0,0.0,0.0,0.0
34227,0.0,0.0,0.0,0.0,0.0,0.5627462014631401
34240,0.0,0.0,0.0,0.0,0.0,0.0
34242,0.0,0.0,0.0,0.0,0.0,0.0
34244,0.0,0.0,0.0,0.0,0.0,0.33955857385398985
34246,0.0,0.0,0.0,0.0,0.0,0.0
34247,0.0,0.0,0.0,0.0,0.0,0.0
34249,0.0,0.0,0.0,0.0,0.0,0.0
34255,0.0,0.0,0.0,0.0,0.0,0.0
34256,0.0,0.0,0.0,0.0,0.0,0.0
34259,0.0,0.0,0.0,0.0,0.0,0.0
34263,0.0,0.0,0.0,0.0,0.0,0.0
34265,0.0,0.0,0.0,0.0,0.0,0.0
34270,0.0,0.0,0.1048327916972429,0.0,0.1048327916972429,0.4193311667889716
34282,0.0,0.0,0.0,0.0,0.0,0.0
34290,0.0,0.0,0.0,0.0,0.0,0.0
34295,0.0,0.0,0.0,0.0,0.0,0.0
34296,0.0,0.0,0.0,0.0,0.0,0.0
34307,0.0,0.0,0.0,0.0,0.0,0.3669724770642202
34309,0.0,0.0,0.0,0.0,0.0,0.0
34314,0.0,0.0,0.0,0.0,0.0,0.0
34320,0.0,0.0,0.0,0.0,0.0,0.0
34321,0.0,0.0,0.0,0.0,0.0,0.0
34327,0.0,0.3238341968911917,0.0,0.0,0.0,0.16191709844559585
34333,0.0,0.0,0.0,0.0,0.0,0.0
34337,0.0,0.0,0.20312817387771684,0.0,0.0,0.10156408693885842
54006,0.0,0.0,0.0,0.0,0.0,0.0
54025,0.0,0.0,0.0,0.0,0.0,0.7127583749109052
54110,0.0,0.0,0.0,0.0,0.0,0.0
54111,0.0,0.0,0.0,0.0,0.0,0.0
54115,0.0,0.0,0.0,0.0,0.0,0.0
54123,0.0,0.0,0.0,0.0,0.0,0.0
54165,0.0,0.0,0.0,0.0,0.0,1.6835016835016834
54168,0.0,0.0,0.0,0.0,0.0,0.0
54184,0.0,0.0,0.0,0.0,0.0,0.0
54186,0.0,0.0,0.0,0.0,0.0,0.0
54197,0.0,0.0,0.0,0.0,0.0,0.4370629370629371
54257,0.0,0.0,0.0,0.1795654516071108,0.0,0.3591309032142216
54265,0.0,0.4664179104477612,0.0,0.0,0.0,0.4664179104477612
54274,0.0,0.10830715910321671,0.0,0.10830715910321671,0.0,0.21661431820643343
54289,0.0,0.0,0.0,0.0,0.0,0.0
54296,0.0,0.0,0.0,0.0,0.0,0.0
54300,0.0,0.0,0.0,0.1528117359413203,0.0,0.0
54304,0.0,0.13965505202150688,0.13965505202150688,0.0,0.0,0.13965505202150688
54305,0.0,0.0,0.0,0.0,0.0,0.0
54311,0.0,0.0,0.0,0.0,0.0,0.0
54328,0.0,0.15878056525881232,0.0,0.0,0.0,0.0
54330,0.0,0.0,0.0,0.0,0.0,0.0
54339,0.0,0.0,0.25097251850922325,0.0,0.0,0.12548625925461163
54352,0.0,0.0,0.0,0.0,0.0,0.0
54357,0.0,0.10112245929821012,0.10112245929821012,0.0,0.0,0.4044898371928405
54366,0.0,0.0,0.0,0.0,0.0,0.0
54395,0.03824384274131865,0.03824384274131865,0.18165825302126357,0.0,0.08604864616796695,0.2868288205598899
54439,0.0,0.0,0.0,0.0,0.0,0.8488964346349746
54459,0.0,0.0,0.0,0.0,0.0,0.0
54482,0.0,0.0,0.1012965964343598,0.0,0.0,0.0
54483,0.0,0.0,0.0,0.0,0.0,0.0
54495,0.0,0.0,0.2457002457002457,0.0,0.0,0.2457002457002457
54498,0.0,0.4104247896572953,0.0,0.0,0.20521239482864764,0.4104247896572953
54526,0.0,0.0,0.0,0.11238480557428636,0.0,0.11238480557428636
54547,0.0,0.0662646610562587,0.09939699158438804,0.03313233052812935,0.0,0.19879398316877608
54549,0.0,0.0,0.0,0.0,0.0,0.0
54571,0.0,0.0,0.0,0.0,0.0,0.0
54578,0.0,0.06918021445866483,0.13836042891732966,0.0,0.06918021445866483,0.3459010722933241
44009,0.0,0.0,0.0,0.0,0.0,0.2255554302469832
44014,0.0,0.0,0.0,0.0,0.0,0.0
44018,0.0,0.13123359580052493,0.0,0.0,0.0,0.0
44020,0.0,0.0,0.05249619402593312,0.0,0.0,0.20998477610373248
44024,0.0,0.0,0.0,0.0,0.0,0.0
44026,0.0,0.051588939331407346,0.15476681799422204,0.0,0.15476681799422204,0.25794469665703673
44028,0.0,0.0,0.0,0.0,0.0,0.0
44029,0.0,0.0,0.0,0.0,0.0,0.0
44035,0.0,0.1550547860243953,0.051684928674798424,0.0,0.051684928674798424,0.1550547860243953
44037,0.0,0.0,0.0,0.0,0.0,0.0
44039,0.0,0.0,0.0,0.0,0.0,0.0
44041,0.0,0.0,0.0,0.0,0.0,0.0
44045,0.0,0.0,0.0,0.0,0.0,0.0
44047,0.0,0.04784688995215311,0.0,0.0,0.0,0.0
44061,0.0,0.0,0.0,0.0,0.0,0.0
44066,0.0,0.0,0.0,0.0,0.0,0.0
44070,0.0,0.0,0.0,0.0,0.0,0.0
44071,0.0,0.0,0.0,0.0,0.0,0.0
44074,0.0,0.0,0.0,0.0,0.0,0.5108556832694764
44094,0.0,0.0,0.0,0.0,0.0,0.0
44101,0.0,0.0,0.0,0.0,0.0,0.32180209171359614
44109,0.006521157896796155,0.04238752632917501,0.12390200003912694,0.009781736845194232,0.06195100001956347,0.3032338422010212
44114,0.0,0.0,0.0,0.0,0.0,0.07712776213798157
44120,0.0,0.0,0.19801980198019803,0.0,0.0,0.39603960396039606
44130,0.0,0.0,0.0,0.0,0.0,0.0
44133,0.0,0.0,0.0,0.0,0.0,0.0
44143,0.0,0.12386048355132777,0.07431629013079666,0.0,0.02477209671026556,0.09908838684106223
44145,0.0,0.0,0.0,0.0,0.0,0.0
44150,0.0,0.0,0.0,0.0,0.0,0.0
44158,0.0,0.0,0.0,0.0,0.0,0.0
44159,0.0,0.0,0.0,0.0,0.0,0.0
44162,0.0,0.08583138424564941,0.06437353818423708,0.021457846061412354,0.08583138424564941,0.30040984485977296
44166,0.0,0.0,0.17568517217146873,0.0,0.0,0.17568517217146873
44169,0.0,0.0,0.0,0.0,0.0,0.0
44171,0.0,0.0,0.0,0.0,0.0,0.5630630630630631
44172,0.06558667278808945,0.06558667278808945,0.0,0.0,0.0,0.06558667278808945
44178,0.0,0.0,0.0,0.0,0.0,0.0
44179,0.0,0.0,0.0,0.0,0.0,0.0
44188,0.0,0.0,0.0,0.0,0.0,0.0
44190,0.0,0.03721345638582912,0.03721345638582912,0.0,0.03721345638582912,0.18606728192914557
44194,0.0,0.25268477574226156,0.25268477574226156,0.0,0.0,0.12634238787113078
44198,0.0,0.12171372930866602,0.0,0.0,0.0,0.24342745861733203
44201,0.0,0.0,0.0,0.0,0.0,0.0
44204,0.0,0.20454080589077522,0.0,0.0,0.0,0.10227040294538761
44209,0.0,0.0,0.0,0.0,0.0,0.0
44215,0.0,0.08481404520588609,0.0,0.0,0.042407022602943045,0.16962809041177218
44217,0.0,0.0,0.0,0.0,0.0,0.0
44220,0.0,0.0,0.0,0.0,0.0,0.0
06006,0.0,0.0,0.0,0.0,0.0,0.0
06011,0.0,0.0,0.26874496103198064,0.0,0.0,0.26874496103198064
06027,0.0,0.020039276982886458,0.040078553965772916,0.0,0.020039276982886458,0.2404713237946375
06031,0.0,0.0,0.0,0.0,0.0,0.0
06032,0.0,0.0,0.0,0.0,0.0,0.0
06033,0.0,0.0,0.0,0.0,0.0,0.0
06034,0.0,0.0,0.0,0.0,0.0,0.0
06046,0.0,0.0,0.2943773918163085,0.0,0.0,0.588754783632617
06054,0.0,0.0,0.0,0.0,0.0,0.0
06059,0.0,0.0,1.3321492007104796,0.0,0.0,0.0
06060,0.0,0.0,0.0,0.0,0.0,0.0
06064,0.0,0.0,0.0,0.0,0.0,0.0
06065,0.0,0.0,0.15552099533437014,0.0,0.0,0.0
06088,0.014592703064759497,0.017511243677711397,0.1926236804548254,0.005837081225903799,0.11090454329217217,0.2655871957786229
06092,0.0,0.0,0.0,0.0,0.0,0.0
06114,0.0,0.0,0.18726591760299627,0.0,0.0,0.0
06121,0.0,0.0,0.0,0.0,0.0,0.0
06122,0.0,0.0,0.0,0.0,0.0,0.0
06123,0.0,0.0,0.0,0.0,0.139640425903299,0.31419095828242277
06128,0.0,0.0,0.0,0.0,0.0,0.0
06147,0.0,0.0,0.0,0.0,0.0,0.0
06149,0.0,0.0,0.09917683229197659,0.0,0.0,0.09917683229197659
06150,0.0,0.0,0.0,0.0,0.0,0.0
06157,0.0,0.0,0.0,0.0,0.0,0.0
06159,0.0,0.0,0.3923107100823852,0.0,0.0,0.1961553550411926
06161,0.0,0.0,0.0,0.0,0.0,0.0
45006,0.0,0.0,0.0,0.0,0.0,0.0
45034,0.0,0.0,0.0,0.0,0.0,0.0
45043,0.0,0.0,1.0683760683760686,0.0,0.0,0.0
45046,0.0,0.0,0.0,0.0,0.0,0.0
45059,0.0,0.0,0.0,0.0,0.0,0.0
45062,0.0,0.0,0.0,0.0,0.0,0.0
45067,0.0,0.0,0.0,0.0,0.0,0.0
45072,0.0,0.0,0.0,0.0,0.0,0.0
45075,0.0,0.09781864423359092,0.09781864423359092,0.0,0.09781864423359092,0.29345593270077275
45089,0.0,0.0,0.11498217776244682,0.0,0.0,0.11498217776244682
45100,0.0,0.0,0.0,0.0,0.0,1.984126984126984
45126,0.0,0.0,0.0,0.0,0.0,0.0
45146,0.0,0.0,0.0,0.0,0.0,0.0
45147,0.0,0.09536070185476565,0.0,0.0,0.09536070185476565,0.09536070185476565
45154,0.0,0.0,0.0,0.0,0.0,0.0
45169,0.0,0.11244799280332846,0.11244799280332846,0.0,0.0,0.4497919712133138
45173,0.0,0.0,0.0,0.0,0.0,0.0
45188,0.0,0.0,0.0,0.0,0.0,0.0
45193,0.0,0.0,0.0,0.0,0.0,0.0
45194,0.0,0.0,0.36088054853843377,0.0,0.0,0.0
45196,0.0,0.0,0.0,0.0,0.0,0.0
45197,0.0,0.0,0.0,0.0,0.0,0.0
45204,0.0,0.0,0.0,0.0,0.0,0.0
45232,0.0,0.046468401486988845,0.13940520446096655,0.0,0.046468401486988845,0.18587360594795538
45234,0.008712167413009009,0.017424334826018018,0.0958338415430991,0.017424334826018018,0.16553118084717117,0.2700771898032792
45235,0.0,0.0,0.0,0.0,0.0,0.2443195699975568
45261,0.0,0.0,0.0,0.0,0.0,0.0
45272,0.0,0.0,0.3038590094196293,0.0,0.0,0.0
45273,0.0,0.0,0.0,0.0,0.0,0.0
45274,0.0,0.1332090049287332,0.1332090049287332,0.0,0.0,0.1332090049287332
45282,0.0,0.0,0.3301419610432486,0.0,0.0,0.0
45284,0.0,0.04907734589713388,0.19630938358853553,0.04907734589713388,0.09815469179426776,0.09815469179426776
45285,0.0,0.061357221744999385,0.24542888697999754,0.061357221744999385,0.24542888697999754,0.061357221744999385
45286,0.0,0.0,0.0,0.0,0.1157943492357573,0.5789717461787864
45289,0.0,0.0,0.0,0.0,0.0,0.0
45298,0.0,0.17649135192375573,0.0,0.0,0.0,0.0
45300,0.0,0.0,0.0,0.0,0.0,0.0
45302,0.0,0.061053788387569446,0.061053788387569446,0.0,0.18316136516270837,0.061053788387569446
45308,0.0,0.3168567807351077,0.0,0.0,0.3168567807351077,0.3168567807351077
45327,0.0,0.0,0.0,0.0,0.0,0.0
45333,0.0,0.0,0.0,0.0,0.0,0.0
75101,0.06153088850603002,0.0,0.3076544425301501,0.06153088850603002,0.4922471080482402,0.6153088850603002
75102,0.04935834155972359,0.0,0.09871668311944717,0.0,0.3455083909180651,0.3948667324777887
75103,0.08623663332183511,0.08623663332183511,0.11498217776244682,0.028745544440611705,0.11498217776244682,0.4024376221685639
75104,0.07276166915269036,0.03638083457634518,0.7639975261032489,0.0,0.29104667661076145,0.8367591952559392
75105,0.0,0.016918183663801857,0.30452730594843336,0.06767273465520743,0.3214454896122352,0.6936455302158759
75106,0.0,0.0,0.29328380095806045,0.0,0.46436601818359563,0.733209502395151
75107,0.0,0.0,0.24756246191346737,0.0,0.47608165752589887,0.6665143205362584
75108,0.027432584423778564,0.0,0.5212191040517927,0.0,0.3840561819328999,1.2618988834938138
75109,0.08385181706887587,0.016770363413775177,0.2180147243790773,0.016770363413775177,0.2180147243790773,0.4863405389994801
75110,0.021755210372884304,0.010877605186442152,0.06526563111865293,0.010877605186442152,0.054388025932210766,0.4459818126441283
75111,0.013603868940326629,0.013603868940326629,0.0952270825822864,0.0068019344701633145,0.12243482046293966,0.3877102647993089
75112,0.0,0.021202312465546245,0.07067437488515414,0.0,0.1060115623277312,0.30389981200616284
75113,0.005508063805411121,0.011016127610822242,0.11566933991363355,0.0,0.12117740371904469,0.225830616021856
75114,0.0,0.0,0.10211152036760147,0.0,0.1677546406039167,0.2771598409977754
75115,0.00856589744907574,0.00856589744907574,0.09422487193983313,0.01713179489815148,0.09850782066437101,0.30408935944218873
75116,0.0,0.012088536440893102,0.0846197550862517,0.0,0.0846197550862517,0.3022134110223275
75117,0.023832931152620133,0.0,0.07745702624601543,0.0,0.0714987934578604,0.23832931152620135
75118,0.020506510817184458,0.005126627704296114,0.13329232031169896,0.010253255408592229,0.0717727878601456,0.19481185276325233
75119,0.01609502502776392,0.0,0.08047512513881959,0.010730016685175946,0.0590150917684677,0.18777529199057905
75120,0.005112369890186295,0.015337109670558884,0.06134843868223554,0.005112369890186295,0.05623606879204924,0.1942700558270792
77053,0.0,0.0,0.0,0.0,0.0,0.0
77083,0.0,0.0,0.0,0.0,0.0,0.0
77108,0.0,0.0,0.0,0.0,0.0,0.0
77139,0.0,0.0,0.0,0.0,0.0,0.0
77169,0.0,0.0,0.0,0.0,0.0,0.0
77249,0.0,0.0,0.0,0.0,0.0,0.0
77282,0.0,0.0,0.0,0.0,0.0,0.0
77291,0.0,0.0,0.0,0.0,0.0,0.0
77294,0.0,0.0,0.0,0.0,0.0,0.0
77373,0.0,0.0,0.0,0.0,0.0,0.0
77450,0.0,0.0,0.0,0.0,0.0,0.0
77514,0.0,0.0,0.0,0.0,0.0,0.0
78092,0.0,0.0,0.0,0.0,0.0,0.0
78124,0.0,0.0,0.0,0.0,0.0,0.0
78126,0.0,0.0,0.0,0.0,0.0,0.0
78146,0.0,0.0,0.0,0.0,0.0,0.0
78158,0.0,0.0,0.0,0.0,0.0,0.0
78640,0.0,0.0,0.0,0.0,0.0,0.0
78646,0.0,0.0,0.0,0.0,0.0,0.0
78686,0.0,0.0,0.0,0.0,0.0,0.0
91027,0.0,0.029681517319165355,0.08904455195749607,0.0,0.05936303463833071,0.23745213855332284
91064,0.0,0.0,0.0,0.0,0.0,0.0
91097,0.0,0.0,0.0,0.0,0.0,0.0
91114,0.0,0.0,0.0,0.0,0.0,0.0
91161,0.0,0.04966969651815427,0.0,0.0,0.0,0.0
91191,0.0,0.0,0.0,0.0,0.0,0.0
91201,0.0,0.0,0.0,0.0,0.0,0.0
91215,0.0,0.0,0.0,0.0,0.0,0.0
91216,0.0,0.0,0.0,0.0,0.0,0.0
91235,0.0,0.0,0.0,0.0,0.0,0.0
91286,0.0,0.0,0.0,0.0,0.0,0.0
91326,0.0,0.06119576525304449,0.0,0.0,0.18358729575913346,0.12239153050608897
91345,0.0,0.0,0.0,0.0,0.0,0.0
91377,0.0,0.0,0.0,0.0,0.02003044627834308,0.0
91421,0.0,0.0,0.0,0.0,0.0,0.0
91432,0.0,0.07371369600471768,0.07371369600471768,0.0,0.2948547840188707,0.22114108801415305
91434,0.0,0.0,0.0,0.0,0.0,0.0
91479,0.0,0.0,0.26986911347996223,0.0,0.13493455673998112,0.13493455673998112
91589,0.0,0.0,0.055085796127468535,0.027542898063734268,0.055085796127468535,0.27542898063734267
91631,0.0,0.0,0.0,0.0,0.0,0.0
91645,0.0,0.0,0.0,0.0,0.0,0.0
91657,0.0,0.0,0.0,0.0,0.0,0.0
91667,0.0,0.0,0.0,0.0,0.0,0.0
91687,0.0,0.032706459525756335,0.098119378577269,0.0,0.1635322976287817,0.22894521668029436
91689,0.0,0.0,0.0,0.0,0.0,0.0
91691,0.0,0.0,0.0,0.0,0.0,0.0
92002,0.0,0.0,0.08037293039704228,0.016074586079408457,0.04822375823822536,0.2411187911911268
92004,0.0,0.034894676235562326,0.06978935247112465,0.023263117490374886,0.011631558745187443,0.10468402870668699
92007,0.0,0.0,0.10059603148655785,0.0,0.0754470236149184,0.0754470236149184
92009,0.0,0.035306994315573915,0.035306994315573915,0.0,0.0,0.10592098294672174
92012,0.016716118517280287,0.016716118517280287,0.06686447406912115,0.008358059258640143,0.08358059258640144,0.22566759998328387
92014,0.0,0.0,0.04870683356874969,0.0,0.04870683356874969,0.04870683356874969
92019,0.0,0.03028834504482675,0.0605766900896535,0.03028834504482675,0.0605766900896535,0.242306760358614
92020,0.0,0.02718942875010196,0.05437885750020392,0.0,0.0,0.05437885750020392
92022,0.0,0.04920775514221041,0.04920775514221041,0.0,0.14762326542663123,0.14762326542663123
92023,0.0,0.01903746573256168,0.057112397197685044,0.03807493146512336,0.057112397197685044,0.11422479439537009
92024,0.0,0.016559855598059184,0.016559855598059184,0.016559855598059184,0.03311971119611837,0.1159189891864143
92025,0.0,0.035141973573235875,0.11713991191078624,0.011713991191078623,0.023427982382157247,0.1522818854840221
92026,0.0,0.0,0.012236906510034264,0.0,0.07342143906020558,0.19579050416054822
92032,0.0,0.04146452709706846,0.0,0.0,0.08292905419413692,0.08292905419413692
92033,0.0,0.0,0.05661552397667441,0.0,0.05661552397667441,0.11323104795334882
92035,0.0,0.03419037199124726,0.06838074398249452,0.0,0.03419037199124726,0.06838074398249452
92036,0.0,0.0,0.12860909266285125,0.021434848777141878,0.042869697554283756,0.19291363899427688
92040,0.0,0.01462095182396374,0.08772571094378245,0.01462095182396374,0.0731047591198187,0.23393522918341983
92044,0.0,0.047272383473574736,0.07878730578929123,0.0,0.047272383473574736,0.22060445621001543
92046,0.0,0.0,0.20018016214593135,0.0,0.03336336035765522,0.26690688286124176
92047,0.0,0.0,0.5509641873278236,0.0,0.0,0.5509641873278236
92048,0.0,0.022061418990469466,0.0661842569714084,0.0,0.08824567596187786,0.28679844687610306
92049,0.020354991043803942,0.0,0.18319491939423546,0.0,0.020354991043803942,0.2849698746132552
92050,0.0,0.03182753718517261,0.10609179061724204,0.010609179061724204,0.12731014874069044,0.16974686498758726
92051,0.0,0.016507098052162432,0.06602839220864973,0.0,0.04952129415648729,0.3961703532518983
92060,0.0,0.0,0.034449497037343256,0.0,0.0,0.10334849111202976
92062,0.0,0.022390398996910123,0.11195199498455063,0.0,0.022390398996910123,0.3358559849536519
92063,0.0,0.0,0.11509687320161135,0.0,0.10230833173476564,0.1918281220026856
92064,0.0,0.0,0.13248103865134303,0.0,0.0,0.29808233696552183
92071,0.0,0.0,0.15401201293700909,0.0,0.15401201293700909,0.30802402587401817
92072,0.0,0.0,0.1689545934530095,0.0,0.042238648363252376,0.3801478352692714
92073,0.0,0.0,0.10283833813245578,0.0,0.020567667626491155,0.18510900863842042
92075,0.0,0.035911800617682975,0.07182360123536595,0.0,0.035911800617682975,0.1077354018530489
92076,0.0,0.11590171534538711,0.23180343069077422,0.0,0.0,0.11590171534538711
92077,0.0,0.0,0.08688852202624034,0.0,0.08688852202624034,0.08688852202624034
92078,0.0,0.0,0.04124051468162323,0.04124051468162323,0.04124051468162323,0.12372154404486968
93001,0.0,0.0,0.04647866048500482,0.02323933024250241,0.10457698609126084,0.1742949768187681
93005,0.0,0.0,0.07087004795539913,0.03543502397769956,0.07087004795539913,0.0826817226146323
93006,0.027883113986169977,0.0,0.19518179790318985,0.0,0.05576622797233995,0.2509480258755298
93007,0.0,0.017861289227856465,0.12502902459499526,0.03572257845571293,0.12502902459499526,0.2143354707342776
93008,0.0,0.0,0.19106941551865794,0.019106941551865795,0.13374859086306054,0.2292832986223895
93010,0.0,0.0,0.07519786438065158,0.0,0.05639839828548869,0.1315962626661403
93013,0.0,0.0,0.18199466148992963,0.0,0.3033244358165494,0.3033244358165494
93014,0.0,0.0,0.10055304172951231,0.06703536115300822,0.10055304172951231,0.13407072230601644
93015,0.0,0.0,0.20781379883624274,0.0,0.41562759767248547,0.20781379883624274
93027,0.023537719195010003,0.023537719195010003,0.23537719195010004,0.07061315758503,0.32952806873014007,0.18830175356008003
93029,0.0,0.014231026483940286,0.07115513241970144,0.014231026483940286,0.028462052967880572,0.15654129132334316
93030,0.0,0.0,0.09381743127873159,0.0,0.28145229383619474,0.09381743127873159
93031,0.0,0.017987876171460436,0.17987876171460435,0.017987876171460436,0.12591513320022305,0.1439030093716835
93032,0.0,0.05108817819556555,0.12772044548891384,0.025544089097782774,0.0,0.2043527127822622
93033,0.0,0.0,0.14575134819997085,0.0,0.0,0.14575134819997085
93039,0.0,0.3853069612124326,0.12843565373747753,0.0,0.0,0.12843565373747753
93045,0.0,0.0434914974122559,0.0,0.0434914974122559,0.0,0.0869829948245118
93046,0.0,0.0,0.11244546394998427,0.02248909278999685,0.02248909278999685,0.06746727836999056
93047,0.0,0.0,0.11500862564692352,0.076672417097949,0.0,0.153344834195898
93048,0.0,0.009224922049408682,0.11992398664231288,0.02767476614822605,0.1014741425434955,0.2767476614822605
93049,0.0,0.0,0.14166312508853945,0.047221041696179814,0.0,0.09444208339235963
93050,0.0,0.0,0.02883090673201672,0.02883090673201672,0.02883090673201672,0.25947816058815054
93051,0.015001725198397816,0.030003450396795632,0.1950224275791716,0.0,0.060006900793591264,0.1950224275791716
93053,0.0,0.0,0.0459379378459701,0.02296896892298505,0.22968968922985047,0.16078278246089533
93055,0.03613891800079506,0.01806945900039753,0.18069459000397528,0.03613891800079506,0.18069459000397528,0.16262513100357776
93057,0.0,0.0,0.0844059928254906,0.0,0.0844059928254906,0.21101498206372651
93059,0.0,0.0,0.20264793299108347,0.06754931099702782,0.06754931099702782,0.03377465549851391
93061,0.0,0.0,0.1124859392575928,0.0562429696287964,0.0,0.0562429696287964
93062,0.0,0.13792152265361007,0.06896076132680504,0.0,0.06896076132680504,0.13792152265361007
93063,0.0,0.0,0.03772161448509996,0.0,0.07544322897019992,0.22632968691059976
93064,0.0,0.04404219242033869,0.04404219242033869,0.022021096210169344,0.022021096210169344,0.13212657726101604
93066,0.0,0.0,0.19756811609820932,0.026941106740664907,0.1436859026168795,0.19756811609820932
93070,0.0,0.0,0.18121778350515463,0.040270618556701034,0.0,0.2617590206185567
93071,0.0,0.0,0.09875762902684232,0.0,0.059254577416105396,0.17776373224831618
93072,0.0,0.0,0.2524105204704932,0.025241052047049323,0.1262052602352466,0.22716946842344388
93073,0.0,0.056036535821355524,0.08405480373203328,0.028018267910677762,0.028018267910677762,0.16810960746406656
93074,0.0,0.0,0.1434926101305783,0.0,0.0,0.2869852202611566
93077,0.0,0.033276762836511264,0.06655352567302253,0.0,0.0,0.1996605770190676
93078,0.0,0.05456132693147097,0.08184199039720645,0.0,0.027280663465735485,0.05456132693147097
93079,0.0,0.0,0.15219541891789057,0.0,0.07609770945894528,0.07609770945894528
94001,0.0,0.17286084701815038,0.17286084701815038,0.0,0.0,0.34572169403630076
94002,0.0,0.022786309984961034,0.11393154992480517,0.0,0.1367178599097662,0.04557261996992207
94003,0.0,0.0,0.09273426994945982,0.04636713497472991,0.04636713497472991,0.32456994482310936
94004,0.0,0.0,0.0,0.0,0.18972931950417404,0.44270174550973945
94011,0.0,0.0,0.2292000916800367,0.0,0.1719000687600275,0.2292000916800367
94015,0.0,0.11963869115271879,0.17945803672907817,0.0,0.0,0.17945803672907817
94016,0.0,0.033103813559322036,0.09931144067796611,0.033103813559322036,0.06620762711864407,0.19862288135593223
94017,0.0,0.0129183945019313,0.1033471560154504,0.0,0.0775103670115878,0.1679391285251069
94018,0.0,0.06557377049180328,0.19672131147540983,0.0,0.0,0.13114754098360656
94019,0.0,0.05435964340073929,0.0,0.0,0.0,0.10871928680147858
94021,0.0,0.0,0.05168760014472528,0.05168760014472528,0.05168760014472528,0.2584380007236264
94022,0.0,0.02249718785151856,0.1124859392575928,0.02249718785151856,0.08998875140607424,0.26996625421822273
94028,0.0,0.0,0.07830678360479684,0.0,0.13424020046536603,0.21254698407016287
94033,0.0,0.03743635819107517,0.07487271638215034,0.0,0.11230907457322552,0.18718179095537588
94034,0.0,0.0,0.0,0.0,0.0,0.18237525532535745
94037,0.057332874670335966,0.0,0.0,0.0,0.1719986240110079,0.11466574934067193
94038,0.0,0.06412517233640065,0.06412517233640065,0.0,0.1282503446728013,0.1282503446728013
94041,0.0,0.016455217126589986,0.11518651988612989,0.016455217126589986,0.03291043425317997,0.14809695413930987
94042,0.0,0.0,0.1593710157246069,0.0,0.21249468763280918,0.1593710157246069
94043,0.0,0.0,0.11861458168590859,0.039538193895302866,0.039538193895302866,0.35584374505772576
94044,0.0,0.03744897577051268,0.03744897577051268,0.0,0.0,0.2621428303935887
94046,0.0,0.0,0.0904339018611297,0.03617356074445188,0.05426034111667782,0.12660746260558156
94047,0.21263023601956196,0.21263023601956196,0.21263023601956196,0.0,0.0,0.21263023601956196
94048,0.0,0.0,0.0,0.0,0.20593080724876442,0.20593080724876442
94052,0.03130184367859267,0.0,0.06260368735718534,0.0,0.06260368735718534,0.34432028046451935
94053,0.0,0.0,0.21367521367521367,0.0,0.0,0.21367521367521367
94054,0.0,0.08555051758063137,0.12832577637094703,0.042775258790315684,0.0,0.25665155274189405
94055,0.0,0.0972100709633518,0.0972100709633518,0.0,0.0,0.0
94056,0.0,0.0,0.3756574004507889,0.0,0.0,0.0
94058,0.0,0.029648077322185655,0.08894423196655697,0.0,0.08894423196655697,0.14824038661092828
94059,0.0,0.0493120962572119,0.0,0.0,0.0,0.1479362887716357
94060,0.0,0.0,0.0,0.0,0.0,0.33798056611744826
94065,0.0,0.17825311942959002,0.17825311942959002,0.0,0.0,0.35650623885918004
94067,0.0,0.0,0.0,0.0,0.0879855703664599,0.30794949628260965
94068,0.01335238273269865,0.0267047654653973,0.1068190618615892,0.0,0.0534095309307946,0.1869333582577811
94069,0.0,0.0,0.0,0.0,0.13974287311347122,0.41922861934041367
94070,0.0,0.0,0.2696871628910464,0.0,0.0,0.2696871628910464
94071,0.0,0.0,0.07610639674264622,0.0,0.07610639674264622,0.07610639674264622
94073,0.0,0.06895125146521408,0.06895125146521408,0.0,0.0,0.13790250293042816
94074,0.0,0.0,0.13460761879122357,0.06730380939561179,0.13460761879122357,0.13460761879122357
94075,0.0,0.0,0.0,0.0,0.10175010175010174,0.20350020350020348
94076,0.0,0.01802516312772631,0.16222646814953676,0.03605032625545262,0.12617614189408413,0.14420130502181047
94077,0.0,0.04757147614290472,0.14271442842871415,0.0,0.2854288568574283,0.04757147614290472
94078,0.0,0.030334283807559304,0.0910028514226779,0.0,0.1820057028453558,0.2730085542680337
94079,0.0,0.03421610894409088,0.0,0.0,0.03421610894409088,0.20529665366454525
94080,0.0,0.020058973381742323,0.12035384029045394,0.0,0.06017692014522697,0.1805307604356809
94081,0.0,0.02156217993639157,0.1401541695865452,0.0,0.08624871974556628,0.1401541695865452
95018,0.0,0.018104790527573595,0.07241916211029438,0.027157185791360394,0.08147155737408118,0.15389071948437558
95063,0.0,0.0,0.0,0.0,0.0,0.0
95088,0.0,0.0,0.0,0.0,0.0,0.0
95176,0.0,0.0,0.0,0.0,0.0,0.0
95197,0.0,0.0,0.0,0.0,0.0,0.0
95210,0.0,0.0,0.0,0.0,0.0,0.08806693086745927
95277,0.0,0.0,0.0,0.0,0.0,0.0
95427,0.0,0.0,0.0,0.0,0.0,0.0
95527,0.0,0.0,0.0,0.0,0.0,0.34494653328734043
95555,0.0,0.0,0.0,0.0,0.0,0.0
95582,0.0,0.0,0.0,0.0,0.0,0.0
95585,0.0,0.0,0.0,0.0,0.0,0.0
35001,0.0,0.3009781790820166,0.0,0.0,0.0,0.1504890895410083
35002,0.0,0.0,0.0,0.0,0.0,0.0
35022,0.0,0.0,0.0,0.0,0.0,0.0
35023,0.0,0.0,0.0,0.0,0.0,0.0
35024,0.0,0.08911067545891997,0.0,0.0,0.0,0.17822135091783994
35031,0.0,0.0,0.0,0.0,0.0,0.0
35032,0.0,0.2508780732563974,0.0,0.0,0.0,0.0
35033,0.0,0.0,0.0,0.0,0.0,0.0
35037,0.0,0.0,0.0,0.0,0.0,0.0
35039,0.0,0.0,0.0,0.0,0.0,0.4734848484848485
35040,0.0,0.0,0.0,0.0,0.0,0.0
35041,0.0,0.0,0.0,0.0,0.0,0.0
35047,0.0,0.0,0.05526693931690063,0.0,0.0,0.22106775726760253
35050,0.0,0.0,0.0,0.0,0.0,0.0
35051,0.0,0.057567209717345,0.057567209717345,0.0,0.0,0.0
35054,0.0,0.0,0.0,0.0,0.0,0.0
35055,0.0,0.19269679159841988,0.0,0.0,0.19269679159841988,0.19269679159841988
35058,0.0,0.0,0.0,0.0,0.0,0.7923930269413629
35059,0.0,0.20833333333333334,0.0,0.0,0.0,0.0
35065,0.0,0.0,0.0,0.0,0.0,0.46360686138154844
35066,0.0,0.0,0.0,0.0,0.1319609395618897,0.1319609395618897
35067,0.0,0.0,0.0,0.0,0.0,0.0
35069,0.0,0.0,0.0,0.0,0.0,0.0
35076,0.0,0.0,0.0,0.0,0.0,0.0
35079,0.0,0.0,0.0,0.0,0.0,0.0
35080,0.0,0.43936731107205623,0.0,0.0,0.0,0.0
35081,0.0,0.0,0.0,0.0,0.0,0.0
35088,0.0,0.0,0.0,0.0,0.0,0.0
35090,0.0,0.0,0.0,0.0,0.0,0.0
35099,0.0,0.0,0.0,0.0,0.0,0.0
35120,0.0,0.0,0.0,0.0,0.19305019305019305,0.19305019305019305
35123,0.0,0.0,0.0,0.0,0.0,0.0
35126,0.0,0.0,0.0,0.0,0.0,0.0
35131,0.0,0.0,0.0,0.0,0.0,0.0
35134,0.0,0.0,0.0,0.0,0.0,0.0
35135,0.0,0.0,0.0,0.0,0.0,0.0
35136,0.0,0.0,0.0,0.0,0.0,0.0
35139,0.0,0.0,0.0,0.0,0.0,0.0
35144,0.0,0.0,0.0,0.0,0.0,0.0
35146,0.0,0.0,0.0,0.0,0.0,0.0
35152,0.0,0.0,0.0,0.0,0.0,0.0
35156,0.0,0.0,0.0,0.0,0.0,0.0
35173,0.0,0.0,0.0,0.0,0.0,0.0
35177,0.0,0.0,0.0,0.0,0.0,0.0
35180,0.0,1.3071895424836601,0.0,0.0,0.0,0.0
35187,0.0,0.0,0.0,0.0,0.0,0.0
35189,0.0,0.6067961165048543,0.0,0.0,0.0,0.0
35196,0.0,0.0,0.0,0.0,0.13659336156262805,0.4097800846878841
35197,0.0,0.0,0.0,0.0,0.0,0.0
35204,0.0,0.0,0.0,0.0,0.0,0.33156498673740054
35206,0.0,0.14461315979754158,0.0,0.0,0.0,0.0
35207,0.0,0.0,0.0,0.0,0.0,0.0
35208,0.0,0.22251891410769914,0.0,0.0,0.0,0.0
35210,0.0,0.0,0.17001020061203673,0.0,0.0,0.25501530091805513
35216,0.0,0.0,0.5970149253731344,0.0,0.0,0.0
35227,0.0,0.0,0.0,0.0,0.0,0.0
35238,0.0,0.050862818355003975,0.09710174413228032,0.018495570310910536,0.10172563671000795,0.26356187693047517
35240,0.0,0.0,0.11667250029168125,0.0,0.0,0.11667250029168125
35245,0.0,0.0,0.0,0.0,0.0,0.2570033410434336
35250,0.0,0.0,0.5350454788657035,0.0,0.0,0.0
35251,0.0,0.0,0.0,0.0,0.0,0.0
35258,0.0,0.0,0.0,0.0,0.0,0.0
35266,0.0,0.0,0.0,0.0,0.0,0.0
35274,0.0,0.0,0.0,0.0,0.0,0.0
35275,0.0,0.0,0.0,0.0,0.0,0.0
35276,0.0,0.0,0.0,0.0,0.0,0.0
35278,0.0,0.0,0.10503098414032139,0.0,0.0,0.3150929524209642
35281,0.0,0.0,0.077417356971433,0.0,0.0,0.077417356971433
35307,0.0,0.0,0.0,0.0,0.0,0.0
35315,0.0,0.0,0.0,0.0,0.7680491551459293,0.0
35317,0.0,0.0,0.0,0.0,0.0,0.0
35319,0.0,0.0,0.0,0.0,0.0,0.0
35327,0.0,0.0,0.0,0.0,0.0,0.0
35331,0.0,0.0,0.0,0.0,0.0,0.0
35334,0.0,0.0,0.0,0.0,0.0,0.11869436201780416
35351,0.0,0.6920415224913494,0.0,0.0,0.0,0.0
35352,0.0,0.12669453946534906,0.0,0.0,0.0,0.2533890789306981
35353,0.0,0.0,0.0,0.0,0.0,0.0
35356,0.0,0.0,0.0,0.0,0.0,0.0
35363,0.0,0.0,0.0,0.0,0.0,0.0
42001,0.0,0.0,0.0,0.0,0.0,0.0
42005,0.0,0.2032726903140563,0.0,0.10163634515702814,0.0,0.4065453806281126
42010,0.0,0.0,0.0,0.0,0.0,0.0
42013,0.0,0.0,0.0,0.0,0.0,0.0
42017,0.0,0.0,0.0,0.0,0.0,0.0
42022,0.0,0.0,0.0,0.0,0.0,0.0
42031,0.0,0.0,0.0,0.0,0.0,0.0
42032,0.0,0.0,0.0,0.0,0.0,0.5885815185403178
42036,0.0,0.0,0.0,0.0,0.0,0.0
42042,0.0,0.0,0.0,0.0,0.0,0.0
42043,0.0,0.0,0.0,0.0,0.0,0.0
42044,0.0,0.0,0.0,0.0,0.08008970046452026,0.1601794009290405
42051,0.0,0.0,0.0,0.0,0.0,0.0
42053,0.0,0.0,0.0,0.0,0.0,0.0
42059,0.0,0.0,0.0,0.0,0.0,0.0
42062,0.0,0.0,0.0,0.0,0.0,0.0
42064,0.0,0.0,0.0,0.0,0.0,0.0
42067,0.0,0.0,0.0,0.0,0.0,0.0
42081,0.0,0.0,0.0,0.0,0.0,0.0
42083,0.0,0.0,0.0,0.0,0.0,0.0
42085,0.0,0.0,0.0,0.0,0.0,1.2135922330097086
42091,0.0,0.0,0.0,0.0,0.0,0.0
42092,0.0,0.0,0.0,0.0,0.0,0.0
42093,0.0,0.0,0.0,0.0,0.0,0.0
42095,0.0,0.0,0.4119100859126751,0.05884429798752501,0.11768859597505002,0.23537719195010004
42096,0.0,0.0,0.0,0.0,0.0,0.0
42097,0.0,0.22512381809995496,0.0,0.0,0.0,0.45024763619990993
42099,0.0,0.2677376171352075,0.0,0.0,0.0,0.2677376171352075
42100,0.0,0.0,0.0,0.0,0.0,0.0
42101,0.0,0.0,0.0,0.0,0.0,0.0
42102,0.0,0.0,0.0,0.0,0.0,0.0
42103,0.0,0.19731649565903708,0.0,0.0,0.19731649565903708,0.19731649565903708
42110,0.0,0.0,0.0,0.0,0.0,0.0
42123,0.0,0.0,0.0,0.0,0.0,0.0
42126,0.0,0.0,0.0,0.0,0.0,0.0
42133,0.0,0.0,0.0,0.0,0.0,1.392757660167131
42142,0.0,0.0,0.0,0.0,0.0,0.0
42167,0.0,0.0,0.0,0.0,0.0,0.0
42168,0.0,0.0,0.0,0.0,0.0,0.0
42169,0.0,0.0,0.0,0.0,0.0,0.0
42172,0.0,0.0,0.0,0.0,0.0,0.0
42183,0.0,0.0,0.0,0.0,0.0,0.0
42185,0.0,0.0,0.0,0.0,0.0,0.0
42186,0.0,0.0,0.1319609395618897,0.0,0.06598046978094485,0.19794140934283452
42189,0.10300782859497322,0.0,0.0,0.0,0.0,0.3090234857849196
42191,0.0,0.0,0.0,0.0,0.0,0.0
42192,0.0,0.0,0.0,0.0,0.0,0.0
42204,0.0,0.0,0.0,0.0,0.0,0.0
42206,0.0,0.0,0.0,0.0,0.0,0.0
42207,0.0,0.056594697076883894,0.056594697076883894,0.0,0.056594697076883894,0.11318939415376779
42208,0.0,0.0,0.0,0.0,0.0,0.0
42210,0.0,0.0,0.0,0.0,0.0,0.0
42211,0.0,0.0,0.0,0.0,0.0,0.0
42218,0.01744957074055978,0.01744957074055978,0.12796351876410506,0.01744957074055978,0.05234871222167935,0.22684441962727717
42222,0.0,0.0,0.17522340984755563,0.0,0.0,0.17522340984755563
42223,0.0,0.0,0.0,0.0,0.0,0.0
42224,0.0,0.0,0.0,0.0,0.0,0.0
42225,0.0,0.0,0.0,0.0,0.0,0.2577319587628866
42234,0.0,0.0,0.0,0.0,0.0,0.27831895352073477
42235,0.0,0.0,0.0,0.0,0.0,0.0
42237,0.0,0.0,0.0,0.0,0.0,0.15006002400960383
42242,0.0,0.0,0.0,0.0,0.0,0.0
42259,0.0,0.0,0.0,0.0,0.0,0.0
42262,0.0,0.0,0.0,0.0,0.0,0.0
42264,0.0,0.0,0.0,0.0,0.0,0.0
42266,0.0,0.0,0.0,0.0,0.0,0.0
42270,0.0,0.0,0.0,0.0,0.0,0.0
42271,0.0,0.0,0.0,0.0,0.0,0.2067397146991937
42275,0.0,0.32536196518626975,0.0,0.0,0.0,0.0
42279,0.0,0.0,0.0,0.0,0.0,0.0
42283,0.0,0.0,0.0,0.0,0.0,0.0
42286,0.0,0.0,0.0,0.0,0.0,0.0
42302,0.0,0.1248595330253465,0.0,0.0,0.0,0.1248595330253465
42305,0.0,0.0,0.14850014850014848,0.0,0.0,0.0
42306,0.0,0.0,0.0,0.0,0.0,0.0
42307,0.0,0.0,0.0,0.0,0.0,0.0
42308,0.0,0.0,0.0,0.0,0.0,0.0
42311,0.0,0.0,0.0,0.0,0.0,0.0
42312,0.0,0.0,0.0,0.0,0.0,0.0
42316,0.0,0.11381743683132256,0.11381743683132256,0.0,0.0,0.22763487366264512
42320,0.0,0.0,0.0,0.0,0.0,0.0
42322,0.0,0.0,0.0,0.0,0.0,0.0
42323,0.0,0.0,0.0,0.0,0.0,0.0
42326,0.0,0.0,0.0,0.0,0.0,0.0
42330,0.0,0.0,0.125344697919278,0.125344697919278,0.0,0.0
43012,0.0,0.0,0.0,0.0,0.0,0.0
43020,0.0,0.0,0.0,0.0,0.0,0.0
43127,0.0,0.0,0.0,0.0,0.0,0.0
43184,0.0,0.0,0.0,0.0,0.0,0.0
43205,0.0,0.0,0.0,0.0,0.0,0.0
69110,0.0,0.0,0.0,0.0,0.0,0.0
69119,0.0,0.0,0.0,0.0,0.0,0.0
69228,0.0,0.0,0.0,0.0,0.0,0.0
69252,0.0,0.0,0.0,0.0,0.0,0.0
67001,0.0,0.4803073967339097,0.0,0.0,0.0,0.4803073967339097
67034,0.0,0.0,0.0,0.0,0.0,0.0
67043,0.0,0.0,0.05820721769499418,0.05820721769499418,0.0,0.17462165308498254
67049,0.0,0.0,0.0,0.0,0.0,0.0
67065,0.0,0.0,0.794912559618442,0.0,0.0,0.794912559618442
67067,0.0,0.0,0.0,0.0,0.0,0.0
67081,0.0,0.0,0.0,0.0,0.0,0.0
67097,0.0,0.0,0.0,0.0,0.0,0.0
67108,0.0,0.0,0.0,0.0,0.0,0.0
67118,0.0,0.0,0.0,0.0,0.0,0.0
67119,0.0,0.0,1.520912547528517,0.0,0.0,0.7604562737642585
67124,0.0,0.0,0.0,0.0,0.0,0.8818342151675485
67127,0.0,0.0,0.0,0.0,0.0,0.0
67128,0.0,0.0,0.0,0.0,0.0,0.0
67130,0.0,0.0,0.0,0.0,0.0,0.0
67131,0.0,0.0,0.1960015680125441,0.0,0.0,0.3920031360250882
67137,0.0,0.17500875043752187,0.17500875043752187,0.0,0.0,0.17500875043752187
67151,0.0,0.0,0.0,0.0,0.0,0.0
67152,0.0,0.13376136971642588,0.4012841091492777,0.0,0.0,0.13376136971642588
67156,0.0,0.0,0.0,0.0,0.0,0.0
67173,0.0,0.0,0.0,0.0,0.0,0.0
67181,0.0,0.0,0.0,0.0,0.0,0.0
67182,0.0,0.0,0.6631299734748011,0.0,0.0,0.6631299734748011
67197,0.0,0.0,0.0,0.0,0.0,0.0
67200,0.0,0.0,0.0,0.0,0.0,0.0
67204,0.0,0.0,0.08935751943526048,0.0,0.08935751943526048,0.0
67205,0.0,0.0,0.0,0.0,0.0,0.0
67212,0.0,0.552944429084877,0.0,0.0,0.0,0.0
67217,0.0,0.0,0.0,0.0,0.0,0.0
67218,0.0,0.14904795617990088,0.14904795617990088,0.0,0.0,0.2608339233148265
67223,0.0,0.0,0.0,0.0,0.0,0.0
67226,0.0,0.0,0.0,0.0,0.0,0.0
67237,0.0,0.0,0.0,0.0,0.0,0.0
67247,0.0,0.0,1.0638297872340425,0.0,0.0,1.0638297872340425
67256,0.0,0.0,0.0,0.0,0.0,0.33288948069241014
67267,0.0,0.0,0.05385319618719371,0.0,0.05385319618719371,0.26926598093596854
67268,0.0,0.0,0.0,0.0,0.0,0.0
67296,0.0,0.0,0.0,0.0,0.0,0.0
67309,0.0,0.0,0.21092596498628982,0.0,0.0,0.21092596498628982
67326,0.0,0.657030223390276,0.0,0.0,0.0,0.0
67336,0.0,0.0,0.0,0.0,0.0,0.0
67343,0.0,0.0,0.18577001671930152,0.0,0.0,0.18577001671930152
67350,0.0,0.0,0.4323389537397319,0.0,0.0,0.0
67361,0.0,0.0,0.0,0.0,0.0,0.0
67363,0.0,0.0,0.0,0.0,0.0,0.0
67365,0.0,0.0,0.07865345288658172,0.0,0.15730690577316345,0.23596035865974518
67375,0.0,0.0,0.0,0.0,0.0,0.0
67378,0.0,0.0,0.4510599909788002,0.0,0.2255299954894001,0.0
67389,0.0,0.0,0.0,0.0,0.45146726862302483,0.22573363431151242
67447,0.0,0.031435666907673444,0.06287133381534689,0.06287133381534689,0.06287133381534689,0.15717833453836721
67471,0.0,0.0,0.1272264631043257,0.0,0.0,0.2544529262086514
67482,0.0035805846378596695,0.050128184930035374,0.29360794030449294,0.0358058463785967,0.19335157044442217,0.2685438478394752
67495,0.0,0.0,0.0,0.0,0.0,0.0
67506,0.0,0.0,0.1808972503617945,0.0,0.1808972503617945,0.0
67519,0.0,0.0,0.0,0.0,0.0,0.17229496898690558
67551,0.0,0.0,0.24160425223483933,0.0,0.0,0.24160425223483933
31003,0.0,0.0,0.0,0.0,0.0,0.0
31022,0.0,0.0,0.11886366337810532,0.0,0.0,0.35659099013431594
31032,0.0,0.0,0.0,0.0,0.0,0.0
31036,0.0,0.0,0.0,0.0,0.0,0.0
31044,0.0,0.0,0.1219958521410272,0.0,0.0609979260705136,0.4269854824935952
31053,0.0,0.0,0.0,0.0,0.0,0.0
31056,0.0,0.15888147442008263,0.0,0.0,0.31776294884016526,0.0
31069,0.0,0.12351778656126482,0.0,0.04117259552042161,0.12351778656126482,0.49407114624505927
31088,0.0,0.35893754486719315,0.0,0.0,0.0,0.0
31091,0.0,0.0,0.0,0.0,0.0,0.0
31116,0.0,0.0,0.0,0.0,0.0,0.0
31117,0.0,0.0,0.0,0.0,0.0,0.0
31118,0.0,0.0,0.0,0.0,0.0,0.0
31136,0.0,0.0,0.0,0.0,0.0,0.0
31149,0.02582911457795227,0.05165822915590454,0.07748734373385681,0.02582911457795227,0.0,0.2324620312015704
31150,0.0,0.0,0.0,0.0,0.15335071308081583,0.30670142616163165
31157,0.0,0.05627145349164369,0.0,0.05627145349164369,0.0,0.05627145349164369
31160,0.0,0.0,0.0,0.0,0.0,0.0
31163,0.0,0.0,0.0,0.0,0.0,0.0
31182,0.0,0.1972386587771203,0.0,0.0,0.0,0.1972386587771203
31184,0.0,0.0,0.521920668058455,0.0,0.0,0.0
31186,0.0,0.0,0.0,0.0,0.0,0.0
31203,0.0,0.0,0.0,0.0,0.0,0.0
31205,0.0,0.0,0.0,0.0,0.0,0.0
31215,0.0,0.0,0.0,0.0,0.0,0.0
31228,0.0,0.0,0.0,0.0,0.0,0.0
31230,0.0,0.0,0.0,0.0,0.0,0.0
31232,0.0,0.0,0.0,0.0,0.0,0.0
31252,0.0,0.0,0.0,0.0,0.0,0.0
31254,0.0,0.0,0.0,0.0,0.0,0.0
31277,0.0,0.0,0.0,0.0,0.0,0.0
31282,0.0,0.0,0.2335357309668379,0.0,0.0,0.2335357309668379
31284,0.0,0.0,0.0,0.0,0.0,0.0
31285,0.0,0.0,0.0,0.0,0.0,0.0
31291,0.0,0.0,0.0,0.0,0.0,0.0
31293,0.0,0.0,0.0,0.0,0.0,0.0
31341,0.0,0.0,0.0,0.0,0.0,0.0
31351,0.0,0.0,0.0,0.0,0.0,0.0
31352,0.0,0.0,0.0,0.0,0.0,0.0
31355,0.0,0.0,0.0,0.0,0.0,0.0
31389,0.0,0.242600679281902,0.0,0.0,0.0,0.0
31410,0.0,0.0,0.0,0.0,0.0,0.0
31411,0.0,0.0,0.0,0.0,0.0,0.0
31417,0.0,0.11934598400763814,0.11934598400763814,0.0,0.23869196801527628,0.0
31418,0.0,0.0,0.0,0.0,0.0,0.0
31424,0.0,0.0,0.0,0.0,0.0,0.0
31433,0.0,0.0,0.0,0.0,0.0,0.0
31445,0.0,0.0,0.0,0.0,0.0,0.0
31446,0.0,0.0,0.0,0.0,0.0,0.0
31458,0.0,0.0,0.0,0.0,0.0,0.0
31462,0.0,0.0,0.0,0.0,0.0,0.0
31467,0.0,0.0,0.0,0.0,0.0,0.16334531198954588
31480,0.0,0.0,0.0,0.0,0.0,0.0
31484,0.0,0.0,0.0,0.0,0.0,0.0
31488,0.0,0.09317059536010434,0.0,0.0,0.0,0.0
31490,0.0,0.0,0.17568517217146873,0.0,0.0,0.0
31497,0.0,0.0,0.0,0.0,0.0,0.0
31506,0.0,0.08680555555555555,0.0,0.0,0.0,0.1736111111111111
31512,0.0,0.0,0.0,0.0,0.0,0.0
31516,0.0,0.0,0.0,0.0,0.0,0.0
31541,0.0,0.0,0.0,0.0,0.0,0.3095017022593624
31555,0.008413294688266399,0.021033236720665996,0.0778229758664642,0.012619942032399597,0.08623627055473058,0.27763872471279116
31557,0.0,0.037827205326070514,0.037827205326070514,0.0,0.0,0.18913602663035256
31561,0.0,0.08576329331046312,0.0,0.0,0.0,0.25728987993138935
31567,0.0,0.0,0.0,0.0,0.0,0.0
31575,0.0,0.0,0.0,0.0,0.0,0.0
31588,0.0,0.0,0.0,0.0,0.0,0.0
37002,0.0,0.0,0.0,0.0,0.0,0.0
37006,0.0,0.0,0.0,0.0,0.0,0.0
37014,0.0,0.0,0.0,0.0,0.0,0.0
37018,0.0,0.25179403248143023,0.12589701624071511,0.0,0.0,0.12589701624071511
37025,0.0,0.0,0.0,0.0,0.0,1.3966480446927374
37047,0.0,0.0,0.0,0.0,0.0,0.0
37050,0.0,0.17319016279875304,0.0,0.0,0.0,0.3463803255975061
37054,0.0,0.5709391949757351,0.0,0.0,0.0,0.0
37056,0.0,0.0,0.0,0.0,0.0,0.0
37059,0.0,0.0,0.0,0.0,0.0,0.0
37077,0.0,0.0,0.0,0.0,0.0,0.0
37099,0.0,0.0,0.0,0.0,0.0,0.0
37104,0.0,0.0,0.0,0.0,0.0,0.0
37109,0.0,0.09560229445506692,0.19120458891013384,0.0,0.0,0.4780114722753346
37122,0.0,0.053326223170243964,0.07998933475536595,0.026663111585121982,0.026663111585121982,0.1599786695107319
37124,0.0,0.0,0.0,0.0,0.0,0.0
37139,0.0,0.0,0.0,0.0,0.0,0.0
37150,0.0,0.0,0.0,0.0,0.0,0.0
37151,0.0,0.0,0.0,0.0,0.0,0.5993407252022775
37152,0.0,0.4945598417408506,0.0,0.0,0.0,0.0
37153,0.0,0.0,0.0,0.0,0.0,0.0
37159,0.0,0.0,0.0,0.0,0.0,0.0
37172,0.0,0.0,0.2447980416156671,0.0,0.0,0.2447980416156671
37175,0.0,0.0,0.0,0.0,0.0,0.0
37179,0.0,0.0,0.436871996505024,0.0,0.0,0.0
37182,0.0,0.0,0.0,0.0,0.0,0.0
37186,0.0,0.0,0.0,0.0,0.0,0.0
37195,0.0,0.0,0.0,0.0,0.19286403085824494,0.19286403085824494
37203,0.0,0.0,0.3162555344718533,0.0,0.0,0.0
37205,0.0,0.0,0.0,0.0,0.0,0.0
37206,0.0,0.0,0.0,0.0,0.0,0.0
37208,0.0,0.20016012810248196,0.0,0.0,0.13344008540165467,0.26688017080330934
37214,0.0,0.06343970056461333,0.0,0.0,0.0,0.2537588022584533
37217,0.0,0.0,0.6317119393556537,0.0,0.0,0.0
37219,0.0,0.0,0.0,0.0,0.0,0.0
37233,0.0,0.06302785831337451,0.12605571662674903,0.06302785831337451,0.1890835749401235,0.378167149880247
37237,0.0,0.0,0.0,0.0,0.0,0.0
37243,0.0,0.0,0.31735956839098695,0.0,0.0,0.0
37261,0.007322520411525647,0.051257642880679535,0.14645040823051295,0.007322520411525647,0.12448284699593601,0.33683593893017977
37264,0.0,0.0,0.0,0.0,0.0,0.0
37266,0.0,0.0,0.1623640201331385,0.0,0.0,0.0
37272,0.0,0.0,0.9049773755656109,0.0,0.0,0.9049773755656109
37273,0.0,0.0,0.0,0.0,0.0,0.0
37281,0.0,0.0,0.0,0.0,0.0,0.0
